Timestamp,PM2.5 (µg/m³),PM10 (µg/m³),NO (µg/m³),NO2 (µg/m³),NOx (ppb),NH3 (µg/m³),SO2 (µg/m³),CO (mg/m³),Ozone (µg/m³),Benzene (µg/m³),Toluene (µg/m³),Xylene (µg/m³),O Xylene (µg/m³),Eth-Benzene (µg/m³),MP-Xylene (µg/m³),AT (°C),RH (%),WS (m/s),WD (deg),RF (mm),TOT-RF (mm),SR (W/mt2),BP (mmHg),VWS (m/s)
2024-01-01,52.44,34.78,5.26,7.24,12.85,5.16,56.07,0.44,7.23,0.62,,,,0.52,1.03,15.76,76.8,0.53,176.6,0.0,0.0,29.02,,
2024-01-02,32.4,18.43,3.58,6.44,10.07,4.85,56.01,0.31,5.4,0.44,,,,0.37,0.68,14.5,81.46,0.52,170.74,0.0,0.0,29.7,,
2024-01-03,41.53,61.17,4.84,7.22,12.32,4.76,56.28,0.34,4.68,0.47,,,,0.4,0.74,16.92,70.48,0.54,167.29,0.0,0.0,27.48,,
2024-01-04,42.72,46.73,5.02,7.77,13.02,5.04,55.9,0.36,6.16,0.5,,,,0.42,0.8,14.47,77.98,0.58,171.1,0.0,0.0,27.78,,
2024-01-05,39.89,60.13,4.24,6.32,10.81,9.05,54.98,0.34,1.79,0.47,,,,0.4,0.75,12.48,83.42,0.5,181.79,0.0,0.0,24.06,,
2024-01-06,21.64,42.9,2.82,6.15,8.96,9.04,62.19,0.12,,0.16,,,,0.14,,14.53,70.62,0.55,184.03,0.0,0.0,0.0,,
2024-01-07,24.6,43.64,2.85,6.12,8.97,9.02,62.32,0.12,,0.16,,,,0.14,,14.66,69.86,0.48,172.84,0.0,0.0,0.0,,
2024-01-08,62.46,48.96,7.36,9.68,17.18,5.05,55.6,0.46,12.54,0.64,,,,0.55,1.09,15.87,70.4,0.62,175.1,0.0,0.0,36.05,,
2024-01-09,67.87,68.79,7.96,9.0,17.78,5.36,55.78,0.53,12.11,0.74,,,,0.64,1.27,14.19,73.14,0.5,185.2,0.0,0.0,28.74,,
2024-01-10,69.55,55.2,7.34,8.36,16.46,5.32,55.95,0.55,10.14,0.77,,,,0.66,1.33,13.98,74.7,0.52,183.51,0.0,0.0,28.48,,
2024-01-11,61.62,43.6,6.31,8.46,15.22,4.94,56.1,0.52,8.1,0.73,,,,0.62,1.25,13.64,74.26,0.58,183.74,0.0,0.0,29.36,,
2024-01-12,59.76,43.66,5.15,7.67,13.1,4.69,56.51,0.53,14.46,0.74,,,,0.64,1.27,12.3,78.33,0.52,179.24,0.0,0.0,29.56,,
2024-01-13,27.66,50.62,2.83,6.1,8.94,9.04,63.87,0.12,,0.16,,,,0.14,,14.24,72.07,0.54,198.26,0.0,0.0,0.0,,
2024-01-14,27.78,64.31,2.83,6.14,8.97,9.03,62.99,0.12,,0.17,,,,0.14,,14.62,72.15,0.58,193.15,0.0,0.0,0.0,,
2024-01-15,39.52,44.33,6.68,9.02,15.93,5.02,56.46,0.38,15.7,0.54,,,,0.47,0.9,17.08,68.82,0.66,183.45,0.0,0.0,29.83,,
2024-01-16,41.0,46.25,4.46,8.43,12.82,4.79,57.02,0.36,12.18,0.5,,,,0.43,0.81,15.63,70.33,0.59,181.18,0.0,0.0,28.46,,
2024-01-17,43.3,38.87,3.66,8.25,11.66,4.71,56.84,0.36,8.77,0.52,,,,0.44,0.83,13.84,71.63,0.63,182.14,0.0,0.0,27.54,,
2024-01-18,35.94,33.39,3.48,7.79,11.06,4.7,55.96,0.32,16.08,0.44,,,,0.38,0.68,13.3,65.14,0.64,175.58,0.0,0.0,33.65,,
2024-01-19,63.19,40.93,6.6,10.53,16.58,5.01,55.66,0.44,24.94,0.6,,,,0.53,1.03,14.57,63.89,0.92,200.0,0.0,0.0,26.88,,
2024-01-20,79.13,49.84,4.35,8.99,13.16,6.07,55.8,0.52,18.46,0.72,,,,0.62,1.23,13.2,70.27,0.55,173.02,0.0,0.0,28.82,,
2024-01-21,44.03,61.53,3.35,7.12,10.33,4.73,56.14,0.35,13.95,0.48,,,,0.42,0.78,13.0,65.24,0.74,188.45,0.0,0.0,13.14,,
2024-01-22,50.46,44.35,3.78,8.96,12.42,4.8,56.14,0.38,25.84,0.52,,,,0.45,0.85,13.36,64.96,0.54,176.34,0.0,0.0,13.08,,
2024-01-23,36.84,118.01,3.66,8.26,11.68,4.56,56.15,0.32,13.6,0.44,,,,0.38,0.7,13.11,70.38,0.65,176.26,0.0,0.0,12.94,,
2024-01-24,57.01,,3.99,8.66,12.32,0.66,49.72,0.53,14.87,0.74,,,,0.63,0.71,15.04,71.28,0.69,195.12,0.0,0.0,26.11,,
2024-01-25,46.06,40.32,3.45,8.16,11.32,4.82,58.06,0.36,27.6,0.5,,,,0.43,0.81,16.32,62.11,0.84,197.3,0.0,0.0,13.42,,
2024-01-26,47.8,37.81,3.37,7.41,10.6,4.7,57.53,0.32,16.16,0.46,,,,0.39,0.71,14.74,69.93,0.57,185.73,0.0,0.0,15.39,700.2,
2024-01-27,45.57,43.27,3.34,7.94,11.0,4.54,58.16,0.32,18.48,0.45,,,,0.38,0.7,14.88,69.94,0.71,185.62,0.0,0.0,14.22,,
2024-01-28,48.08,40.31,3.64,8.41,11.78,4.97,57.68,0.38,18.24,0.52,,,,0.44,0.85,13.71,67.54,0.6,181.42,0.0,0.0,13.64,,
2024-01-29,36.65,20.47,3.62,9.09,12.32,4.66,57.02,0.34,15.3,0.48,,,,0.41,0.77,10.3,74.82,0.56,162.7,0.0,0.0,13.14,,
2024-01-30,35.92,47.37,3.38,7.78,10.92,9.04,57.76,0.29,31.73,0.4,,,,0.34,0.62,16.1,57.12,0.84,205.94,0.0,0.0,13.04,,
2024-01-31,55.36,55.75,3.24,8.7,11.51,5.08,58.16,0.35,13.35,0.49,,,,0.42,0.78,14.67,66.43,0.64,183.37,0.0,0.0,57.26,,
2024-02-01,99.09,78.62,3.56,10.92,13.76,5.32,58.28,0.5,27.07,0.7,,,,0.6,1.18,15.04,74.05,0.48,175.74,0.04,0.04,47.76,,
2024-02-02,45.25,39.16,3.32,7.22,10.38,4.78,58.26,0.27,19.27,0.38,,,,0.32,0.56,15.23,81.32,0.9,191.03,0.04,0.04,65.18,,
2024-02-03,23.74,31.82,3.11,5.98,5.78,9.05,57.92,0.1,14.84,0.14,,,,0.22,0.35,13.32,83.9,0.96,169.25,0.04,0.03,0.14,,
2024-02-04,28.56,50.24,2.83,6.14,8.96,9.04,64.67,0.12,4.74,0.17,,,,0.14,,14.19,68.68,0.77,192.31,0.0,0.0,0.0,,
2024-02-05,73.68,71.99,3.32,12.58,14.58,5.25,59.14,0.47,15.21,0.66,,,,0.57,1.14,15.76,70.87,0.81,203.9,0.0,0.0,7.85,,
2024-02-06,54.11,52.72,3.16,7.84,10.68,5.04,59.41,0.32,16.48,0.44,,,,0.38,0.69,17.34,74.36,0.97,213.52,0.0,0.0,50.75,,
2024-02-07,41.31,46.64,3.1,6.73,9.68,4.6,59.69,0.22,12.16,0.3,,,,0.26,0.43,17.53,69.53,1.2,221.92,0.0,0.0,49.26,,
2024-02-08,31.8,36.08,3.06,7.89,10.59,9.03,59.81,0.22,16.76,0.31,,,,0.27,0.44,15.71,59.16,1.35,217.51,0.0,0.0,109.46,,
2024-02-09,40.64,38.44,3.54,9.39,12.46,4.97,59.22,0.31,11.53,0.44,,,,0.37,0.68,14.81,64.09,0.62,179.49,0.0,0.0,109.2,,
2024-02-10,51.07,50.96,3.64,9.1,12.34,4.75,59.56,0.36,10.46,0.5,,,,0.42,0.8,15.76,66.23,0.61,193.78,0.0,0.0,111.0,,
2024-02-11,44.86,52.6,3.74,8.77,12.19,4.65,60.27,0.32,33.56,0.46,,,,0.38,0.71,17.08,63.12,0.65,185.72,0.0,0.0,113.62,700.16,
2024-02-12,28.64,17.42,3.3,8.57,11.46,9.06,60.59,0.26,18.95,0.37,,,,0.32,0.54,16.86,63.1,0.77,188.37,0.0,0.0,97.74,700.23,
2024-02-13,25.92,31.83,3.36,8.48,11.47,4.76,60.33,0.28,17.59,0.38,,,,0.34,0.58,16.84,62.46,0.77,186.77,0.0,0.0,110.57,700.15,
2024-02-14,47.84,49.26,4.57,10.76,14.9,5.16,60.4,0.36,21.66,0.52,,,,0.44,0.83,16.2,65.28,0.6,181.3,0.0,0.0,82.8,,
2024-02-15,45.16,38.26,3.56,8.77,11.98,5.06,61.0,0.32,24.81,0.45,,,,0.38,0.7,18.31,67.16,0.77,201.24,0.0,0.0,98.91,,
2024-02-16,31.54,35.96,3.76,8.84,12.27,4.85,62.06,0.26,9.7,0.37,,,,0.32,0.54,18.55,63.26,0.8,189.68,0.0,0.0,108.52,,
2024-02-17,31.34,33.75,3.24,7.84,10.76,4.68,61.34,0.24,22.12,0.34,,,,0.29,0.48,17.73,65.02,0.93,198.98,0.0,0.0,107.64,,
2024-02-18,61.32,35.9,3.23,7.84,10.76,0.1,61.06,0.26,22.74,0.37,,,,0.32,0.55,17.19,64.44,0.92,192.0,0.0,0.0,111.44,,
2024-02-19,35.84,35.25,3.29,8.71,11.57,4.53,61.26,0.28,28.35,0.38,,,,0.33,0.58,16.88,58.53,0.8,184.75,0.0,0.0,114.16,,
2024-02-20,63.52,63.29,3.36,10.64,13.26,5.36,61.7,0.38,16.92,0.53,,,,0.45,0.86,16.1,68.07,0.9,184.33,0.0,0.0,95.08,,
2024-02-21,52.84,50.54,3.32,8.62,11.54,5.34,62.47,0.31,23.36,0.44,,,,0.37,0.67,19.22,72.22,1.01,204.18,0.04,0.04,81.7,,
2024-02-22,26.77,25.99,3.22,7.87,10.78,5.07,61.58,0.22,16.01,0.31,,,,0.26,0.43,17.58,85.8,0.74,166.99,0.2,0.2,57.52,,
2024-02-23,21.29,22.5,3.22,8.25,11.1,4.77,60.23,0.23,14.72,0.32,,,,0.28,0.46,14.62,95.98,0.47,160.46,0.22,0.22,16.94,,
2024-02-24,26.92,36.18,3.72,7.82,11.38,4.57,59.91,0.26,14.07,0.36,,,,0.3,0.53,16.04,77.13,0.74,172.84,0.0,0.0,86.74,,
2024-02-25,33.39,36.32,3.38,8.82,11.76,4.56,60.04,0.28,11.38,0.4,,,,0.34,0.6,14.34,76.42,0.81,142.93,0.0,0.0,62.04,,
2024-02-26,30.34,40.56,3.5,8.11,11.34,4.6,60.41,0.24,19.85,0.34,,,,0.29,0.48,17.34,66.24,0.74,195.26,0.0,0.0,120.98,,
2024-02-27,28.64,41.86,3.38,8.02,11.1,4.54,61.41,0.23,9.04,0.32,,,,0.27,0.45,17.39,60.85,0.79,179.86,0.0,0.0,108.11,,
2024-02-28,28.32,40.51,3.12,7.98,10.74,4.57,61.87,0.23,20.78,0.32,,,,0.28,0.47,17.42,60.46,1.1,179.2,0.0,0.0,121.88,,
2024-02-29,39.28,45.44,3.12,7.9,10.66,4.7,62.45,0.24,13.15,0.34,,,,0.29,0.49,17.92,65.32,1.03,193.32,0.0,0.0,112.29,,
2024-03-01,36.28,43.66,3.22,7.7,10.64,4.64,62.88,0.24,12.31,0.32,,,,0.28,0.47,18.15,61.17,0.88,182.76,0.0,0.0,124.95,,
2024-03-02,38.3,42.06,3.34,9.44,12.22,5.06,63.47,0.29,11.56,0.41,,,,0.36,0.63,19.16,61.14,0.7,183.03,0.0,0.0,127.04,,
2024-03-03,37.86,37.32,3.22,7.19,10.23,4.59,63.78,0.23,16.76,0.32,,,,0.28,0.45,19.92,61.5,1.06,194.01,0.0,0.0,123.64,,
2024-03-04,21.35,2.0,3.08,7.46,10.25,4.58,62.88,0.23,14.39,0.32,,,,0.28,0.46,18.46,71.38,1.0,188.06,0.0,0.0,53.8,,
2024-03-05,29.57,54.93,3.08,7.3,10.12,5.32,63.84,0.22,19.49,0.3,,,,0.26,0.42,19.79,61.86,1.43,202.82,0.0,0.0,128.92,,
2024-03-06,31.43,54.76,3.06,7.75,10.46,4.54,64.59,0.21,12.84,0.3,,,,0.26,0.41,18.94,56.36,1.24,187.0,0.0,0.0,139.04,,
2024-03-07,29.0,34.04,3.14,8.54,11.22,4.52,64.84,0.24,11.74,0.33,,,,0.28,0.48,19.05,53.78,0.97,199.46,0.0,0.0,125.38,,
2024-03-08,28.3,44.89,3.29,8.94,11.76,4.64,64.67,0.24,9.57,0.34,,,,0.3,0.5,18.61,50.86,0.94,200.3,0.0,0.0,136.82,,
2024-03-09,30.06,36.4,3.16,8.77,11.45,4.51,64.76,0.25,12.08,0.35,,,,0.3,0.51,18.79,51.5,0.98,189.43,0.0,0.0,135.52,,
2024-03-10,45.88,47.41,3.23,9.62,12.25,5.04,65.04,0.32,17.28,0.44,,,,0.38,0.69,19.67,58.06,0.72,186.44,0.0,0.0,129.06,,
2024-03-11,46.89,34.97,3.52,9.66,12.66,5.29,64.82,0.34,22.43,0.48,,,,0.41,0.75,18.01,67.47,0.59,174.29,0.0,0.0,127.9,,
2024-03-12,71.2,,3.85,12.62,15.41,1.68,60.97,0.5,33.0,0.7,,,,0.6,0.67,20.14,64.62,1.01,188.87,0.0,0.0,251.41,,
2024-03-13,48.48,42.83,3.18,9.81,12.34,5.62,65.81,0.31,15.6,0.43,,,,0.36,0.66,21.74,61.46,1.23,207.14,0.0,0.0,93.12,,
2024-03-14,43.28,45.02,3.16,8.25,11.01,5.58,67.0,0.26,15.92,0.36,,,,0.31,0.53,22.14,62.66,1.25,205.4,0.0,0.0,125.64,,
2024-03-15,38.53,35.4,3.15,7.94,10.75,5.79,68.83,0.26,13.51,0.36,,,,0.3,0.51,23.13,58.83,1.14,201.52,0.0,0.0,126.42,,
2024-03-16,37.76,37.7,3.22,8.28,11.1,5.22,68.83,0.26,15.64,0.36,,,,0.32,0.53,22.62,57.1,0.99,197.38,0.0,0.0,133.58,,
2024-03-17,44.36,40.94,3.24,9.31,12.0,5.24,68.27,0.29,12.94,0.4,,,,0.34,0.59,20.22,64.16,0.74,175.66,0.0,0.0,107.82,,
2024-03-18,60.72,71.46,3.31,11.22,13.68,5.28,68.88,0.38,25.89,0.53,,,,0.46,0.85,23.28,48.76,0.89,203.36,0.0,0.0,114.48,,
2024-03-19,70.66,61.3,3.2,9.76,12.32,5.7,68.6,0.4,15.79,0.55,,,,0.48,0.89,22.44,55.07,0.7,185.52,0.02,0.02,77.4,,
2024-03-20,42.67,32.39,3.34,8.48,11.38,6.15,69.69,0.28,12.9,0.39,,,,0.34,0.58,23.64,62.98,1.0,161.44,0.01,0.01,116.28,,
2024-03-21,43.48,29.65,3.14,7.78,10.6,5.74,69.5,0.27,3.55,0.38,,,,0.32,0.56,16.95,87.2,0.62,174.92,0.12,0.04,5.31,,
2024-03-22,28.63,,4.59,8.79,13.04,2.02,59.04,0.27,17.8,0.38,,,,0.33,0.37,19.16,70.45,1.2,189.8,0.0,0.0,153.8,,
2024-03-23,24.87,36.45,3.11,7.08,9.96,5.42,66.66,0.2,19.09,0.29,,,,0.24,0.38,21.9,62.8,1.06,196.08,0.01,0.01,124.62,,
2024-03-24,23.62,25.38,3.16,7.26,10.19,5.36,67.24,0.22,12.58,0.3,,,,0.26,0.41,19.69,78.98,0.98,186.02,0.05,0.05,101.68,,
2024-03-25,37.91,39.29,3.14,7.68,10.5,5.45,68.16,0.25,10.84,0.34,,,,0.3,0.5,22.34,64.98,0.83,193.4,0.0,0.0,127.0,,
2024-03-26,19.65,19.77,3.1,6.86,9.77,5.28,68.33,0.2,13.56,0.28,,,,0.24,0.36,21.52,68.51,0.87,172.1,0.1,0.1,113.73,,
2024-03-27,29.92,30.89,3.18,7.56,10.46,5.34,68.88,0.23,10.54,0.32,,,,0.28,0.44,22.4,65.72,0.96,173.83,0.0,0.0,112.98,,
2024-03-28,35.25,39.45,3.24,8.26,11.12,5.44,68.77,0.26,9.26,0.36,,,,0.31,0.52,20.8,77.35,0.63,166.96,0.04,0.04,87.35,,
2024-03-29,30.14,25.0,3.2,7.07,10.09,5.42,67.86,0.22,13.59,0.31,,,,0.26,0.42,20.1,80.61,0.64,175.1,0.0,0.0,80.46,,
2024-03-30,64.81,,4.14,12.01,15.26,1.88,63.88,0.48,1.98,0.68,,,,0.58,0.65,19.59,90.61,0.51,138.09,0.04,0.02,31.71,,
2024-03-31,46.4,,4.05,10.48,13.9,1.66,62.87,0.43,9.25,0.6,,,,0.52,0.58,19.78,89.73,0.63,163.1,0.08,0.04,76.92,,
2024-04-01,21.25,32.54,3.13,6.74,9.72,5.38,68.06,0.18,14.99,0.26,,,,0.22,0.33,24.2,67.18,1.11,206.74,0.07,0.07,95.05,,
2024-04-02,35.06,57.21,3.11,6.99,9.9,6.19,70.19,0.22,11.78,0.3,,,,0.26,0.4,25.29,64.08,1.18,213.46,0.0,0.0,123.4,,
2024-04-03,29.12,36.57,3.08,6.78,9.68,6.35,71.29,0.2,10.68,0.28,,,,0.24,0.37,25.16,65.14,1.26,227.2,0.02,0.02,126.79,,
2024-04-04,31.22,47.75,3.06,6.36,9.32,6.1,72.42,0.2,17.08,0.27,,,,0.24,0.35,25.65,63.04,1.56,238.99,0.0,0.0,122.32,,
2024-04-05,38.74,43.17,3.08,7.14,9.97,6.24,72.94,0.24,14.96,0.32,,,,0.28,0.46,26.33,65.27,1.37,233.82,0.0,0.0,129.92,,
2024-04-06,38.85,42.97,3.06,7.28,10.07,6.13,74.96,0.24,11.29,0.33,,,,0.28,0.47,26.86,63.06,1.45,243.86,0.0,0.0,137.08,,
2024-04-07,35.06,37.42,3.06,7.52,10.28,5.68,74.76,0.28,12.99,0.38,,,,0.33,0.56,23.23,75.7,1.05,206.78,0.12,0.12,77.52,,
2024-04-08,30.38,52.23,3.16,8.1,10.78,5.45,73.31,0.24,26.3,0.34,,,,0.3,0.48,23.65,64.37,0.84,189.53,0.0,0.0,134.34,,
2024-04-09,32.02,34.33,3.12,7.48,10.32,5.3,71.78,0.24,8.18,0.34,,,,0.28,0.47,24.28,56.27,0.68,177.78,0.0,0.0,121.77,,
2024-04-10,37.51,46.97,3.14,8.43,11.12,5.05,72.1,0.26,26.12,0.38,,,,0.32,0.54,23.2,52.7,0.72,185.14,0.0,0.0,83.63,,
2024-04-11,43.46,49.8,3.1,8.19,10.88,4.99,72.59,0.3,14.09,0.42,,,,0.36,0.62,24.72,46.53,0.8,200.2,0.0,0.0,143.6,,
2024-04-12,45.52,52.84,3.1,8.42,11.07,5.46,74.25,0.3,10.48,0.42,,,,0.36,0.63,25.85,47.22,0.74,196.64,0.0,0.0,106.9,,
2024-04-13,42.2,44.02,3.06,7.88,10.56,5.26,74.32,0.29,12.97,0.4,,,,0.34,0.59,25.17,49.94,0.89,192.05,0.0,0.0,148.85,,
2024-04-14,48.02,41.34,3.14,8.23,10.96,5.4,73.44,0.3,33.61,0.42,,,,0.36,0.63,22.58,59.67,0.7,185.95,0.0,0.0,148.01,,
2024-04-15,67.36,,3.38,10.24,12.82,1.54,70.7,0.46,26.75,0.65,,,,0.55,0.62,25.2,57.87,1.02,204.17,0.0,0.0,255.43,,
2024-04-16,86.88,,3.42,10.97,13.47,3.22,70.78,0.52,30.96,0.73,,,,0.63,0.7,26.11,60.75,0.96,180.48,0.0,0.0,244.9,,
2024-04-17,65.43,,3.44,9.73,12.44,4.24,71.24,0.42,19.27,0.59,,,,0.5,0.57,25.4,70.03,0.78,171.91,0.07,0.04,166.48,,
2024-04-18,28.22,37.73,3.08,7.2,9.94,6.04,75.9,0.2,41.49,0.29,,,,0.25,0.38,26.87,64.28,1.14,214.63,0.04,0.04,128.86,,
2024-04-19,28.34,38.29,3.12,7.51,10.35,5.9,74.87,0.22,14.18,0.32,,,,0.26,0.42,24.66,74.71,0.75,185.08,0.0,0.0,73.21,,
2024-04-20,23.91,31.88,3.06,6.54,9.46,5.74,75.04,0.19,28.36,0.27,,,,0.23,0.34,25.7,65.98,1.28,224.51,0.0,0.0,111.14,,
2024-04-21,17.8,20.42,3.04,6.48,9.4,5.32,75.14,0.16,11.66,0.24,,,,0.2,0.28,25.34,69.48,1.11,214.41,0.04,0.04,108.5,,
2024-04-22,21.32,31.94,3.01,6.52,9.38,5.34,76.12,0.18,22.6,0.26,,,,0.22,0.32,26.48,63.68,1.2,221.92,0.0,0.0,127.55,,
2024-04-23,24.12,29.12,3.02,6.38,9.26,5.13,75.96,0.2,27.22,0.27,,,,0.23,0.34,26.98,59.94,1.3,218.46,0.0,0.0,118.06,,
2024-04-24,26.14,40.71,3.05,7.18,9.88,4.86,76.21,0.2,41.5,0.29,,,,0.24,0.37,25.22,63.9,1.22,192.18,0.02,0.02,136.8,,
2024-04-25,13.76,25.54,2.79,5.85,8.66,8.9,78.88,0.13,9.73,0.19,,,,0.16,,25.43,68.58,1.2,218.72,0.0,0.0,0.0,,
2024-04-26,14.78,37.73,2.8,5.89,8.7,8.96,77.84,0.13,2.37,0.19,,,,0.16,,25.85,63.2,1.16,216.62,0.0,0.0,0.0,,
2024-04-27,,,,,,,,,,,,,,,,,,,,,0.0,,,
2024-04-28,27.5,49.77,2.76,5.8,8.59,8.82,80.74,0.13,50.67,0.19,,,,0.16,,29.12,57.31,1.51,263.28,0.0,0.0,0.0,,
2024-04-29,28.9,44.03,3.01,6.7,9.41,7.13,79.86,0.2,30.82,0.29,,,,0.25,0.37,28.67,58.55,1.44,222.73,0.09,0.05,134.94,,
2024-04-30,26.56,36.01,3.03,6.64,9.49,6.02,79.81,0.19,33.01,0.26,,,,0.23,0.32,26.9,64.9,1.28,224.6,0.04,0.04,131.0,,
2024-05-01,23.33,30.74,3.06,6.88,9.73,5.62,78.69,0.2,11.0,0.28,,,,0.24,0.34,25.96,72.54,0.9,204.92,0.1,0.1,113.16,,
2024-05-02,22.04,19.44,3.16,7.54,10.42,5.49,76.78,0.2,12.36,0.28,,,,0.24,0.36,19.28,91.68,0.91,166.3,0.43,0.11,1.0,,
2024-05-03,32.4,33.52,3.24,9.37,11.92,7.25,74.2,0.3,14.4,0.43,,,,0.36,0.65,25.16,73.34,0.7,180.72,0.0,0.0,117.02,,
2024-05-04,26.98,46.3,3.1,7.83,10.58,5.98,76.75,0.22,20.49,0.3,,,,0.26,0.4,25.21,66.2,0.89,190.9,0.01,0.01,136.64,,
2024-05-05,51.04,22.75,3.04,7.22,9.98,5.06,78.18,0.19,27.88,0.26,,,,0.22,0.33,22.9,76.32,0.82,183.18,0.5,0.33,153.08,,
2024-05-06,,,,,,,,,,,,,,,,,,,,,0.0,,,
2024-05-07,16.94,42.86,2.82,5.86,8.7,9.02,76.19,0.13,12.03,0.18,,,,0.15,,26.63,63.09,0.62,216.88,0.0,0.0,0.0,,
2024-05-08,24.64,33.32,3.22,7.3,10.44,13.24,75.06,0.22,12.83,0.3,,,,0.26,0.42,24.51,69.2,1.02,187.94,0.02,0.0,34.97,,
2024-05-09,22.32,26.11,3.14,7.06,10.0,8.86,77.04,0.21,14.32,0.29,,,,0.25,0.39,25.34,68.19,0.82,191.94,0.0,0.0,142.92,,
2024-05-10,16.43,16.47,3.11,6.63,9.6,7.28,77.17,0.19,23.18,0.26,,,,0.23,0.34,21.5,83.74,0.67,182.8,0.1,0.1,79.9,,
2024-05-11,20.88,22.43,3.05,6.76,9.64,6.63,76.3,0.2,12.92,0.28,,,,0.24,0.35,26.87,65.52,0.9,191.06,0.0,0.0,101.5,,
2024-05-12,34.64,,3.48,7.22,10.42,4.08,77.16,0.27,18.12,0.38,,,,0.33,0.37,26.02,69.14,0.81,183.45,0.0,0.0,318.27,,
2024-05-13,19.7,37.75,3.14,6.75,9.74,6.54,79.84,0.2,15.14,0.28,,,,0.24,0.36,28.56,62.28,0.88,202.7,0.0,0.0,136.95,,
2024-05-14,22.74,33.33,3.14,6.64,9.62,6.6,81.0,0.2,15.72,0.28,,,,0.24,0.35,28.28,63.26,0.88,191.4,0.0,0.0,158.44,,
2024-05-15,31.49,37.23,3.15,7.49,10.37,6.82,82.19,0.24,18.08,0.33,,,,0.29,0.45,28.37,64.96,0.84,191.33,0.0,0.0,133.79,,
2024-05-16,34.08,35.34,3.2,7.89,10.75,7.16,83.26,0.26,18.66,0.36,,,,0.3,0.51,28.98,62.62,1.0,201.93,0.0,0.0,151.94,,
2024-05-17,31.64,36.89,3.08,6.76,9.68,6.06,82.0,0.2,19.02,0.28,,,,0.24,0.36,27.26,69.81,1.12,188.31,0.0,0.0,92.99,,
2024-05-18,21.45,24.88,3.11,7.44,10.26,5.6,79.22,0.2,13.69,0.28,,,,0.24,0.37,23.66,83.82,0.82,194.22,0.1,0.1,43.62,,
2024-05-19,23.71,23.38,3.12,6.72,9.68,5.73,78.28,0.2,16.57,0.28,,,,0.24,0.36,24.58,79.47,0.85,200.95,0.03,0.03,69.83,,
2024-05-20,24.86,33.14,3.1,6.54,9.51,6.13,79.58,0.19,13.58,0.26,,,,0.23,0.33,27.68,68.71,0.78,188.13,0.0,0.0,118.0,,
2024-05-21,17.42,22.97,3.08,6.85,9.74,6.04,80.94,0.2,19.98,0.28,,,,0.24,0.36,26.82,69.09,0.88,173.56,0.0,0.0,128.7,,
2024-05-22,16.37,22.1,3.08,7.19,10.04,6.12,81.07,0.2,19.19,0.29,,,,0.24,0.38,26.44,72.88,0.76,158.76,0.0,0.0,144.74,,
2024-05-23,14.97,24.07,3.1,7.02,9.91,6.47,82.18,0.2,19.24,0.29,,,,0.24,0.37,28.2,67.67,0.83,145.6,0.0,0.0,151.88,,
2024-05-24,16.69,27.37,3.04,7.11,9.93,5.95,82.56,0.21,23.64,0.3,,,,0.26,0.4,28.96,66.71,0.75,165.68,0.0,0.0,131.68,,
2024-05-25,10.22,21.75,3.04,6.8,9.67,5.46,83.68,0.19,18.11,0.26,,,,0.23,0.32,28.86,66.99,0.76,146.04,0.0,0.0,114.88,,
2024-05-26,2.99,4.89,3.1,6.31,9.31,5.18,81.94,0.15,3.19,0.21,,,,0.18,0.22,26.18,84.16,0.71,151.25,0.29,0.29,78.78,,
2024-05-27,3.81,6.46,3.2,6.61,9.7,5.32,79.78,0.16,4.66,0.22,,,,0.19,0.25,25.32,88.44,0.6,146.89,0.18,0.18,47.7,,
2024-05-28,2.72,2.23,3.1,5.78,8.85,5.18,78.12,0.14,21.28,0.2,,,,0.17,0.2,22.64,76.39,1.04,187.07,0.72,0.72,13.48,,
2024-05-29,16.24,,3.3,7.23,10.19,1.41,77.48,0.22,18.13,0.3,,,,0.26,0.29,22.8,2.89,0.93,142.34,0.39,0.2,117.3,,
2024-05-30,15.16,,3.31,6.57,9.67,2.2,77.3,0.21,13.56,0.3,,,,0.25,0.28,24.6,5.01,0.79,187.31,0.14,0.07,176.19,,
2024-05-31,22.19,,3.47,6.48,9.78,4.27,78.09,0.25,2.71,0.35,,,,0.3,0.33,27.02,10.25,0.8,151.67,0.01,0.0,205.82,,
2024-06-01,23.89,,3.65,8.12,11.4,5.24,79.16,0.24,5.67,0.33,,,,0.28,0.32,28.35,23.97,0.98,177.58,0.01,0.0,253.17,,
2024-06-02,22.42,,3.44,5.88,9.26,4.39,79.73,0.19,5.92,0.26,,,,0.22,0.25,27.74,19.36,0.97,187.15,0.08,0.04,247.87,,
2024-06-03,19.01,,3.36,6.01,9.23,2.98,78.98,0.18,9.39,0.24,,,,0.21,0.24,26.57,10.19,1.19,203.98,0.26,0.08,297.29,,
2024-06-04,,,,,,,,,,,,,,,,,,,,,0.0,,,
2024-06-05,19.39,,3.66,7.42,10.83,10.45,81.97,0.23,13.75,0.32,,,,0.27,0.31,28.88,31.34,0.93,203.99,0.0,0.0,242.54,,
2024-06-06,22.63,,3.59,7.18,10.57,7.68,83.36,0.23,16.85,0.33,,,,0.28,0.32,27.57,8.11,0.87,192.59,0.0,0.0,270.56,,
2024-06-07,28.39,,3.45,6.96,10.16,4.58,81.15,0.27,17.86,0.38,,,,0.33,0.37,26.41,0.26,0.77,195.47,0.03,0.02,173.8,,
2024-06-08,33.45,,3.35,6.12,9.34,4.01,81.14,0.23,18.16,0.32,,,,0.27,0.3,27.74,5.88,1.39,215.71,0.0,0.0,287.74,,
2024-06-09,28.0,,3.34,6.66,9.77,2.91,80.68,0.24,11.75,0.33,,,,0.28,0.32,26.72,7.35,0.81,191.96,0.01,0.0,145.16,,
2024-06-10,30.19,,3.36,6.3,9.55,3.7,82.25,0.23,13.52,0.32,,,,0.27,0.31,28.82,18.53,0.87,199.98,0.0,0.0,253.93,,
2024-06-11,22.95,43.01,3.0,6.24,9.12,6.61,82.51,0.18,15.01,0.26,,,,0.22,0.32,30.89,46.36,0.82,209.02,0.0,0.0,145.44,,
2024-06-12,20.26,35.8,2.97,6.15,9.03,6.3,81.98,0.19,14.8,0.26,,,,0.22,0.33,28.27,49.13,0.91,188.59,0.0,0.0,101.94,,
2024-06-13,12.97,29.2,3.01,5.93,9.29,5.15,79.13,0.17,10.03,0.24,,,,0.2,0.28,26.56,42.14,0.79,189.62,0.0,0.0,64.32,,
2024-06-14,12.97,25.22,2.98,6.03,8.91,5.15,79.32,0.18,11.21,0.24,,,,0.21,0.29,26.97,44.11,1.0,196.25,0.0,0.0,98.68,,
2024-06-15,15.52,24.18,3.0,6.41,9.26,5.2,78.94,0.2,14.29,0.28,,,,0.24,0.34,26.43,45.74,0.72,188.6,0.02,0.02,67.42,,
2024-06-16,14.04,21.51,3.03,6.38,9.28,5.28,78.34,0.2,10.96,0.29,,,,0.24,0.35,25.02,42.34,0.74,170.67,0.02,0.02,40.77,,
2024-06-17,14.98,16.63,3.06,6.61,9.5,5.48,78.14,0.22,18.03,0.3,,,,0.26,0.4,24.1,88.94,0.64,182.46,0.04,0.04,31.76,,
2024-06-18,13.4,24.04,3.06,6.6,9.51,5.51,77.87,0.2,5.71,0.29,,,,0.25,0.38,24.06,82.82,0.66,187.29,0.03,0.03,28.17,,
2024-06-19,13.98,24.68,3.08,6.92,9.8,5.72,77.78,0.22,9.25,0.32,,,,0.27,0.43,24.02,43.12,0.74,190.43,0.03,0.03,63.88,,
2024-06-20,12.42,22.44,3.08,6.34,9.32,6.74,80.14,0.19,11.69,0.27,,,,0.23,0.34,27.76,50.14,0.68,208.64,0.0,0.0,100.94,,
2024-06-21,17.7,30.3,3.18,6.3,9.4,6.41,80.5,0.2,5.72,0.29,,,,0.25,0.38,27.88,47.36,0.48,170.77,0.0,0.0,79.02,,
2024-06-22,11.81,18.58,3.34,6.44,9.75,5.97,79.22,0.21,3.55,0.29,,,,0.25,0.37,25.58,51.62,0.52,176.52,0.02,0.02,42.44,,
2024-06-23,12.51,,3.8,5.91,9.76,3.44,81.76,0.21,7.9,0.3,,,,0.26,0.29,28.29,22.71,0.95,195.5,0.0,0.0,225.71,,
2024-06-24,10.79,,3.69,5.94,9.64,3.04,82.78,0.18,4.25,0.26,,,,0.22,0.25,28.51,22.05,0.76,196.05,0.0,0.0,152.05,,
2024-06-25,14.54,,3.78,6.34,10.08,3.78,84.01,0.21,5.45,0.29,,,,0.25,0.28,28.07,18.79,0.71,183.41,0.0,0.0,150.47,,
2024-06-26,6.54,24.55,3.17,6.1,9.15,5.96,83.13,0.16,3.79,0.24,,,,0.2,0.27,29.47,49.1,0.78,179.98,0.02,0.02,95.14,,
2024-06-27,6.53,20.22,3.24,6.15,9.37,5.76,83.24,0.16,2.08,0.22,,,,0.19,0.24,28.56,53.89,0.66,166.32,0.12,0.12,99.22,,
2024-06-28,2.92,4.74,3.17,5.72,8.9,5.35,81.36,0.14,1.85,0.19,,,,0.16,0.2,25.78,56.2,0.61,175.06,0.22,0.22,76.89,,
2024-06-29,6.24,,4.0,5.57,9.74,2.45,81.23,0.17,0.13,0.24,,,,0.2,0.23,27.8,25.5,0.61,170.03,0.01,0.0,157.62,,
2024-06-30,5.88,,3.9,5.27,9.34,2.56,82.0,0.15,0.92,0.21,,,,0.18,0.21,27.6,22.79,0.73,192.19,0.08,0.04,163.2,,
2024-07-01,2.6,6.58,3.18,5.76,9.8,5.25,79.82,0.14,1.32,0.19,,,,0.16,0.19,24.02,93.5,0.74,177.73,0.19,0.19,33.77,,
2024-07-02,2.45,7.3,3.17,5.64,8.75,5.45,79.56,0.14,2.0,0.18,,,,0.16,0.18,25.66,54.32,0.64,192.18,0.12,0.12,74.45,,
2024-07-03,35.82,6.66,3.2,5.74,8.96,5.82,80.08,0.15,4.24,0.2,,,,0.17,0.2,25.83,48.47,0.61,185.12,0.11,0.11,88.36,,
2024-07-04,4.42,6.89,3.12,5.22,8.38,5.56,80.22,0.12,,0.17,,,,0.15,0.16,24.6,78.76,0.53,184.89,0.4,0.09,3.24,,
2024-07-05,1.91,6.4,2.64,5.83,8.45,8.9,79.92,0.13,,0.18,,,,0.16,,24.41,92.34,0.52,198.44,0.01,0.0,0.0,,
2024-07-06,2.06,9.14,2.65,5.88,8.5,8.91,79.16,0.13,0.16,0.18,,,,0.16,,27.13,82.17,0.64,210.84,0.0,0.0,0.0,,
2024-07-07,3.22,12.98,2.66,5.89,8.53,8.93,78.92,0.13,,0.18,,,,0.16,,25.41,89.83,0.38,188.44,0.0,0.0,0.0,,
2024-07-08,3.55,12.58,2.62,5.94,8.51,8.96,77.82,0.13,,0.18,,,,0.16,,24.55,92.25,0.38,199.3,0.0,0.0,0.0,,
2024-07-09,5.28,,4.11,4.35,7.76,6.42,81.49,0.11,,0.16,,,,0.16,0.18,30.51,2.06,1.14,240.56,0.0,0.0,459.31,,
2024-07-10,,,,,,,,,,,,,,,,,,,,,0.0,,,
2024-07-11,4.66,18.51,2.64,5.98,8.57,8.96,80.85,0.13,17.68,0.18,,,,0.16,,27.38,75.02,0.71,219.01,0.0,0.0,0.0,,
2024-07-12,2.48,7.89,2.63,5.92,8.51,8.97,79.19,0.14,,0.19,,,,0.17,,26.21,83.45,0.48,203.39,0.0,0.0,0.0,,
2024-07-13,,,,,,,,,,,,,,,,,,,,,0.0,,,
2024-07-14,,,,,,,,,,,,,,,,,,,,,0.0,,,
2024-07-15,4.91,28.24,3.42,6.09,9.53,18.25,91.02,0.16,0.32,0.22,,,,0.2,0.24,29.89,69.03,0.53,174.7,0.0,0.0,0.0,,
2024-07-16,4.46,22.14,3.38,5.24,8.75,11.1,87.38,0.14,0.38,0.2,,,,0.16,0.18,28.1,76.19,0.49,193.94,0.0,0.0,0.0,,
2024-07-17,6.34,27.4,2.61,5.77,8.36,8.77,82.64,0.14,2.19,0.2,,,,0.17,,28.08,80.27,0.45,209.33,0.0,0.0,0.0,,
2024-07-18,4.4,19.97,3.37,5.93,8.7,10.06,83.78,0.15,0.14,0.22,,,,0.2,0.25,28.35,78.04,0.38,181.86,0.0,0.0,0.0,,
2024-07-19,4.96,19.51,2.61,5.78,8.37,8.82,82.37,0.14,,0.2,,,,0.17,,27.18,80.68,0.62,180.15,0.0,0.0,0.0,,
2024-07-20,3.01,15.98,2.61,5.81,8.39,8.82,82.62,0.14,,0.2,,,,0.17,,27.42,78.04,0.51,184.65,0.0,0.0,0.0,,
2024-07-21,1.61,8.2,2.6,5.84,8.41,8.83,82.19,0.14,,0.2,,,,0.17,,26.15,85.01,0.59,190.94,0.0,0.0,0.0,,
2024-07-22,1.13,6.51,2.61,5.89,8.45,8.88,81.46,0.14,,0.2,,,,0.17,,26.08,84.96,0.53,192.3,0.0,0.0,0.0,,
2024-07-23,1.87,8.63,4.9,5.4,10.2,12.64,88.04,0.14,0.86,0.18,,,,0.17,0.19,26.98,81.78,0.58,179.96,0.0,0.0,0.0,,
2024-07-24,2.8,14.71,3.41,5.38,8.46,12.35,86.56,0.14,0.83,0.19,,,,0.17,0.2,28.14,77.91,0.57,183.62,0.0,0.0,0.0,,
2024-07-25,2.97,28.62,2.62,5.83,8.42,8.84,82.41,0.14,,0.2,,,,0.17,,27.8,78.79,0.51,175.45,0.0,0.0,0.0,,
2024-07-26,3.77,13.43,2.61,5.83,8.41,8.84,82.38,0.14,,0.2,,,,0.17,,27.5,79.38,0.51,178.23,0.0,0.0,0.0,,
2024-07-27,2.1,11.49,2.6,5.76,8.34,8.83,83.23,0.14,,0.2,,,,0.17,,28.27,76.05,0.57,168.4,0.0,0.0,0.0,,
2024-07-28,2.55,15.02,2.58,5.73,8.28,8.77,84.54,0.14,,0.2,,,,0.17,,28.39,74.88,0.54,185.42,0.0,0.0,0.0,,
2024-07-29,7.06,26.02,3.33,6.04,9.39,13.74,92.36,0.16,2.34,0.23,,,,0.2,0.25,29.02,72.93,0.45,181.82,0.0,0.0,0.0,,
2024-07-30,3.05,10.05,3.2,5.11,8.45,8.5,87.9,0.12,2.67,0.18,,,,0.16,0.16,26.58,83.06,0.59,203.17,0.0,0.0,0.0,,
2024-07-31,4.03,12.74,3.2,5.92,8.84,7.85,82.65,0.16,1.16,0.21,,,,0.19,0.23,27.5,53.11,0.64,173.66,0.0,0.0,55.48,,
2024-08-01,2.04,7.61,3.37,5.33,8.86,8.08,81.13,0.15,0.94,0.2,,,,0.18,0.2,30.14,68.23,0.65,164.22,0.0,0.0,232.19,,
2024-08-02,2.44,10.34,2.59,5.91,8.44,8.93,81.18,0.14,,0.2,,,,0.17,,24.91,86.84,0.52,190.7,0.0,0.0,0.0,,
2024-08-03,1.57,7.83,2.61,5.9,8.46,8.94,80.17,0.14,,0.2,,,,0.17,,22.7,94.1,0.4,187.63,0.0,0.0,0.0,,
2024-08-04,,,,,,,,,,,,,,,,,,,,,0.0,,,
2024-08-05,4.92,18.1,3.78,5.7,9.5,11.5,88.78,0.16,0.64,0.22,,,,0.2,0.23,28.06,58.64,0.62,184.8,0.42,0.22,69.56,,
2024-08-06,3.07,17.29,2.64,5.89,8.34,8.95,80.31,0.14,8.33,0.19,,,,0.17,,27.83,77.72,0.43,195.82,0.0,0.0,0.0,,
2024-08-07,2.62,10.77,2.58,5.94,8.46,8.92,82.01,0.14,,0.2,,,,0.17,,26.65,81.55,0.62,188.27,0.0,0.0,0.0,,
2024-08-08,1.2,8.26,3.49,5.4,10.11,9.82,86.1,0.14,0.19,0.19,,,,0.16,0.19,25.67,58.98,0.74,197.94,0.1,0.04,23.36,,
2024-08-09,2.31,9.4,3.31,5.21,8.65,8.7,86.26,0.13,0.49,0.18,,,,0.16,0.18,26.44,61.72,0.85,199.3,0.0,0.0,76.94,,
2024-08-10,4.58,12.18,3.34,5.08,8.58,6.9,84.78,0.14,,0.18,,,,0.16,0.19,25.9,48.62,0.78,212.28,0.0,0.0,61.5,,
2024-08-11,4.29,11.04,2.63,5.88,8.47,8.91,81.53,0.13,,0.18,,,,0.16,,24.7,83.31,0.45,204.78,0.0,0.0,0.0,,
2024-08-12,8.42,11.97,3.3,5.67,8.91,8.91,86.21,0.16,0.26,0.22,,,,0.19,0.25,26.24,46.82,0.79,209.26,0.04,0.02,39.47,,
2024-08-13,8.05,28.89,3.32,5.24,8.7,8.7,87.51,0.16,2.37,0.22,,,,0.18,0.24,29.32,56.66,0.64,196.8,0.0,0.0,153.65,,
2024-08-14,5.8,26.97,2.58,5.76,8.31,8.78,84.63,0.13,,0.19,,,,0.16,,27.64,78.93,0.6,187.2,0.0,0.0,0.0,,
2024-08-15,4.53,19.53,2.57,5.78,8.32,8.79,85.2,0.13,7.32,0.19,,,,0.16,,28.58,71.9,0.59,181.84,0.0,0.0,0.0,,
2024-08-16,4.9,28.0,3.14,6.18,9.25,9.39,90.68,0.16,7.29,0.24,,,,0.2,0.27,30.2,55.33,0.84,176.78,0.01,0.0,184.34,,
2024-08-17,3.98,,2.63,5.92,8.5,8.87,81.98,0.13,,0.18,,,,0.16,,23.58,92.8,0.38,190.1,0.0,0.0,0.0,,
2024-08-18,1.98,0.4,2.63,5.96,8.54,8.97,79.59,0.13,,0.18,,,,0.16,,22.6,96.89,0.28,168.38,0.0,0.0,0.0,,
2024-08-19,3.03,7.77,2.58,5.99,8.34,8.97,79.62,0.12,0.03,0.17,,,,0.15,,24.4,90.7,0.37,202.12,0.0,0.0,0.0,,
2024-08-20,4.32,5.46,3.38,5.9,9.22,8.98,86.12,0.18,3.25,0.24,,,,0.21,0.3,23.84,92.49,0.5,215.56,0.08,0.04,22.48,,
2024-08-21,6.72,21.36,3.51,5.62,9.28,8.19,86.12,0.16,0.81,0.23,,,,0.2,0.27,26.04,62.26,0.52,182.02,0.04,0.04,13.88,,
2024-08-22,386.54,13.39,3.27,5.1,8.52,5.54,85.08,0.12,1.89,0.18,,,,0.15,0.16,26.79,61.82,0.57,177.66,0.2,0.11,99.76,,
2024-08-23,2.74,15.9,3.28,5.44,8.8,7.13,85.72,0.13,1.85,0.18,,,,0.16,0.18,28.5,51.96,1.06,195.88,0.34,0.11,177.66,,
2024-08-24,3.08,9.74,2.61,5.91,8.47,8.95,82.06,0.13,,0.18,,,,0.16,,24.43,91.98,0.39,202.03,0.0,0.0,0.0,,
2024-08-25,2.41,10.39,2.62,5.89,8.47,8.96,81.97,0.13,,0.18,,,,0.16,,26.03,83.08,0.4,182.85,0.0,0.0,0.0,,
2024-08-26,3.08,13.49,2.6,5.88,8.44,8.95,82.45,0.13,,0.18,,,,0.16,,25.77,82.99,0.48,185.74,0.0,0.0,0.0,,
2024-08-27,2.29,22.91,3.69,6.28,9.86,8.88,90.99,0.17,4.64,0.24,,,,0.2,0.28,28.98,61.48,0.64,207.93,0.0,0.0,95.74,,
2024-08-28,7.24,27.62,3.74,5.11,9.14,8.78,88.69,0.16,1.79,0.22,,,,0.2,0.25,27.26,53.15,0.53,191.62,0.02,0.01,66.24,,
2024-08-29,5.09,17.09,2.62,5.82,8.41,8.91,83.33,0.13,,0.18,,,,0.16,,23.35,95.85,0.3,178.68,0.0,0.0,0.0,,
2024-08-30,6.06,28.64,2.57,5.82,8.35,8.84,85.34,0.13,,0.18,,,,0.16,,28.65,74.71,0.63,182.81,0.0,0.0,0.0,,
2024-08-31,5.15,25.1,2.57,5.79,8.33,8.83,85.91,0.13,,0.19,,,,0.16,,27.48,78.83,0.49,187.59,0.0,0.0,0.0,,
2024-09-01,3.24,16.96,2.59,5.74,8.3,8.77,86.63,0.13,,0.19,,,,0.16,,27.94,76.63,0.51,177.46,0.0,0.0,0.0,,
2024-09-02,3.65,16.82,3.2,5.51,8.72,8.55,88.79,0.15,2.9,0.22,,,,0.18,0.24,28.3,68.87,1.06,175.33,0.02,0.01,178.22,,
2024-09-03,4.72,22.78,2.61,5.85,8.43,8.91,84.0,0.13,,0.18,,,,0.16,,27.41,79.32,0.53,204.71,0.0,0.0,0.0,,
2024-09-04,2.45,15.85,3.46,6.0,9.53,9.98,92.28,0.16,3.93,0.24,,,,0.2,0.28,29.12,61.18,0.7,213.51,0.0,0.0,46.64,,
2024-09-05,6.15,32.23,3.44,6.29,9.75,8.91,90.74,0.17,2.24,0.24,,,,0.2,0.29,28.16,60.22,0.5,181.34,0.0,0.0,36.65,,
2024-09-06,5.68,27.7,3.4,5.64,9.14,7.88,91.14,0.16,6.43,0.23,,,,0.2,0.26,29.66,58.54,0.74,171.98,0.0,0.0,126.44,,
2024-09-07,6.14,20.43,2.56,5.68,8.22,8.72,88.97,0.13,,0.19,,,,0.16,,28.94,70.75,0.56,182.82,0.0,0.0,0.0,,
2024-09-08,8.96,28.07,2.55,5.71,8.22,8.74,89.4,0.13,,0.19,,,,0.16,,28.45,73.84,0.56,195.22,0.0,0.0,0.0,,
2024-09-09,6.04,20.15,2.56,5.71,8.24,8.73,89.56,0.13,,0.19,,,,0.16,,27.45,78.47,0.6,181.36,0.0,0.0,0.0,,
2024-09-10,4.33,16.38,2.54,5.76,8.26,8.74,88.35,0.13,,0.19,,,,0.16,,28.39,74.32,0.81,203.56,0.0,0.0,0.0,,
2024-09-11,,,,,,,,,,,,,,,,,,,,,0.0,,,
2024-09-12,,,,,,,,,,,,,,,,,,,,,0.0,,,
2024-09-13,1.74,8.28,2.61,5.85,8.42,8.81,84.78,0.13,,0.18,,,,0.16,,25.5,78.79,0.67,166.19,0.0,0.0,0.0,,
2024-09-14,5.72,16.88,2.59,5.89,8.43,8.82,84.6,0.13,,0.18,,,,0.16,,24.85,81.85,0.49,181.33,0.0,0.0,0.0,,
2024-09-15,6.95,15.92,2.57,5.93,8.44,8.82,84.81,0.13,,0.18,,,,0.16,,24.53,82.99,0.47,179.72,0.0,0.0,0.0,,
2024-09-16,9.39,24.69,2.58,5.89,8.41,8.78,86.3,0.13,,0.18,,,,0.16,,26.92,78.02,0.47,188.01,0.0,0.0,0.0,,
2024-09-17,6.32,11.72,2.6,5.9,8.45,8.75,86.11,0.13,,0.19,,,,0.16,,22.34,95.46,0.37,187.22,0.0,0.0,0.0,,
2024-09-18,10.16,43.66,3.4,6.77,9.95,11.08,97.18,0.23,2.48,0.32,,,,0.28,0.45,30.74,63.32,0.66,188.48,0.0,0.0,52.66,,
2024-09-19,13.97,39.12,3.4,6.26,9.64,9.42,96.3,0.22,6.25,0.3,,,,0.26,0.41,29.48,56.93,0.73,202.83,0.0,0.0,91.9,,
2024-09-20,34.68,39.25,3.46,5.78,9.32,8.54,95.5,0.2,13.0,0.29,,,,0.24,0.35,30.19,57.39,0.65,186.98,0.0,0.0,131.42,,
2024-09-21,8.07,17.56,2.55,5.65,8.18,8.64,90.31,0.13,,0.19,,,,0.16,,26.53,82.27,0.41,185.04,0.0,0.0,0.0,,
2024-09-22,,,,,,,,,,,,,,,,,,,,,0.0,,,
2024-09-23,12.33,43.52,2.58,5.81,8.36,8.77,87.66,0.13,12.03,0.18,,,,0.16,,29.09,70.76,0.51,187.14,0.0,0.0,0.0,,
2024-09-24,134.27,18.19,3.27,6.69,9.72,7.32,91.32,0.2,4.92,0.27,,,,0.24,0.35,26.54,58.08,0.55,163.4,0.0,0.0,21.28,,
2024-09-25,89.48,7.77,3.3,5.77,9.12,6.32,89.14,0.15,1.68,0.21,,,,0.18,0.24,24.69,48.97,0.59,169.97,0.18,0.18,30.64,,
2024-09-26,103.11,10.08,3.18,5.42,8.68,5.73,87.98,0.14,4.68,0.2,,,,0.17,0.2,24.52,41.4,0.57,211.84,0.02,0.02,0.14,,
2024-09-27,90.9,15.91,3.24,5.29,8.66,5.36,87.59,0.14,0.94,0.19,,,,0.16,0.19,24.58,78.24,0.44,162.96,0.0,0.0,0.0,,
2024-09-28,3.09,9.22,2.6,5.92,8.46,8.9,86.49,0.13,,0.18,,,,0.16,,25.48,79.19,0.91,213.4,0.0,0.0,0.0,,
2024-09-29,4.57,13.9,2.59,5.93,8.46,8.92,85.74,0.13,,0.18,,,,0.16,,24.01,87.54,0.53,199.45,0.0,0.0,0.0,,
2024-09-30,6.34,16.66,2.59,5.9,8.44,8.91,85.94,0.13,,0.18,,,,0.16,,25.53,83.18,0.85,204.47,0.0,0.0,0.0,,
2024-10-01,467.7,20.48,3.25,5.96,9.1,6.56,89.99,0.2,10.24,0.29,,,,0.24,0.37,26.08,51.88,0.53,203.42,0.0,0.0,0.0,,
2024-10-02,501.22,9.71,3.22,5.16,8.5,6.18,88.48,0.16,,0.22,,,,0.2,0.26,23.96,84.32,0.58,185.33,0.04,0.01,0.0,,
2024-10-03,1.95,5.67,2.58,5.93,8.28,8.95,84.13,0.13,4.55,0.18,,,,0.16,,23.08,92.55,0.64,192.56,0.0,0.0,0.0,,
2024-10-04,192.2,12.66,3.36,6.71,9.64,5.93,88.21,0.2,9.36,0.28,,,,0.24,0.36,27.44,63.74,0.49,166.55,0.0,0.0,0.0,,
2024-10-05,207.18,11.43,3.3,5.83,9.18,7.0,88.26,0.18,4.99,0.25,,,,0.22,0.31,24.16,86.09,0.42,181.47,0.0,0.0,0.0,,
2024-10-06,906.14,,4.24,5.63,10.11,5.51,94.02,0.25,2.87,0.35,,,,0.3,0.34,,,,,0.0,0.0,0.0,,
2024-10-07,504.38,21.2,3.62,6.08,9.8,6.09,88.08,0.19,0.98,0.27,,,,0.22,0.34,22.08,90.55,0.76,181.52,0.02,0.02,0.0,,
2024-10-08,502.34,20.01,3.38,5.78,9.25,6.07,87.42,0.16,4.5,0.23,,,,0.2,0.27,25.55,79.74,0.63,188.25,0.0,0.0,0.0,,
2024-10-09,442.12,30.42,3.2,6.02,9.2,6.59,89.5,0.19,8.25,0.26,,,,0.23,0.33,25.77,76.66,0.68,201.7,0.0,0.0,0.0,,
2024-10-10,505.2,23.72,3.36,6.63,9.93,6.0,87.84,0.22,13.59,0.31,,,,0.27,0.42,23.06,84.0,0.58,165.44,0.1,0.1,0.0,,
2024-10-11,507.55,30.09,3.33,6.44,9.74,5.08,85.0,0.22,2.92,0.3,,,,0.26,0.41,23.01,87.17,0.5,190.45,0.0,0.0,0.0,,
2024-10-12,13.01,24.71,3.26,6.07,9.34,5.36,84.82,0.18,2.26,0.26,,,,0.22,0.33,24.02,81.96,0.78,199.11,0.0,0.0,0.0,,
2024-10-13,15.08,32.04,3.22,6.34,9.5,5.38,85.04,0.2,5.16,0.29,,,,0.24,0.38,23.42,79.98,0.57,197.54,0.0,0.0,0.0,,
2024-10-14,14.86,43.29,3.24,5.74,9.02,4.94,84.8,0.18,3.24,0.25,,,,0.22,0.3,23.94,76.19,0.6,188.1,0.0,0.0,0.0,,
2024-10-15,18.3,35.47,2.59,5.94,8.34,8.93,88.41,0.13,16.85,0.18,,,,0.16,,24.85,70.03,0.72,203.97,0.0,0.0,0.0,,
2024-10-16,17.61,44.52,3.12,7.15,10.04,6.42,88.31,0.23,10.04,0.32,,,,0.28,0.44,24.05,72.07,0.84,189.28,0.0,0.0,0.0,,
2024-10-17,19.82,43.55,3.08,5.68,8.77,5.14,89.54,0.2,0.9,0.27,,,,0.24,0.35,23.6,73.42,0.65,185.45,0.0,0.0,0.0,,
2024-10-18,17.72,34.78,2.57,5.97,8.48,8.93,87.12,0.13,18.18,0.18,,,,0.15,,21.81,85.44,0.5,183.58,0.0,0.0,0.0,,
2024-10-19,13.89,29.06,2.6,5.98,8.52,8.95,86.66,0.13,0.13,0.18,,,,0.15,,22.4,87.97,0.45,197.79,0.0,0.0,0.0,,
2024-10-20,13.15,30.89,2.58,5.94,8.47,8.97,87.19,0.13,,0.18,,,,0.15,,24.11,80.78,0.51,186.35,0.0,0.0,0.0,,
2024-10-21,11.12,25.55,3.13,6.66,9.65,6.49,90.09,0.17,7.42,0.24,,,,0.2,0.28,22.62,85.24,0.52,179.74,0.0,0.0,0.0,,
2024-10-22,15.11,72.49,2.6,5.95,8.5,8.95,87.82,0.13,5.34,0.18,,,,0.15,,26.92,69.78,0.54,175.56,0.0,0.0,0.0,,
2024-10-23,3.91,7.88,3.2,6.26,9.41,5.0,86.5,0.16,3.64,0.22,,,,0.2,0.26,20.74,92.74,0.74,127.89,0.08,0.04,0.92,,
2024-10-24,4.48,18.52,3.16,5.16,8.46,4.82,84.84,0.12,2.33,0.18,,,,0.15,0.16,21.92,88.55,0.4,179.04,0.0,0.0,0.0,,
2024-10-25,5.07,24.46,2.58,5.98,8.4,8.96,86.27,0.13,7.62,0.18,,,,0.16,,24.61,77.86,0.41,195.5,0.0,0.0,0.0,,
2024-10-26,5.44,26.76,4.44,6.72,11.38,7.3,91.13,0.23,2.6,0.32,,,,0.28,0.45,25.37,77.41,0.55,176.73,0.0,0.0,0.0,,
2024-10-27,4.52,15.81,3.6,5.82,9.57,6.86,89.6,0.19,3.21,0.27,,,,0.23,0.34,21.58,89.34,0.4,160.45,0.0,0.0,0.0,,
2024-10-28,18.42,92.27,3.42,6.22,9.66,6.62,92.62,0.2,10.58,0.28,,,,0.24,0.36,32.11,52.56,0.7,194.23,0.0,0.0,0.0,,
2024-10-29,,,4.52,7.19,11.77,3.34,91.35,0.3,6.27,0.42,,,,0.36,0.4,,,,,0.0,0.0,0.0,,
2024-10-30,15.07,55.02,3.56,6.93,10.44,5.6,91.13,0.23,8.37,0.32,,,,0.28,0.44,26.25,68.27,0.84,208.41,0.0,0.0,0.0,,
2024-10-31,16.72,45.32,3.62,7.7,11.16,4.85,87.06,0.26,13.13,0.36,,,,0.32,0.53,22.37,84.75,0.47,162.2,0.0,0.0,0.0,,
2024-11-01,27.34,61.63,3.42,6.9,10.24,5.38,87.0,0.26,13.48,0.36,,,,0.32,0.53,25.02,72.08,0.56,183.23,0.0,0.0,0.0,,
2024-11-02,20.86,52.32,3.64,6.92,10.52,5.5,88.81,0.28,5.19,0.38,,,,0.33,0.57,23.11,78.55,0.44,193.12,0.0,0.0,0.0,,
2024-11-03,15.97,36.25,3.84,6.7,10.6,5.39,88.98,0.25,3.97,0.35,,,,0.3,0.5,22.77,77.54,0.54,182.64,0.0,0.0,0.0,,
2024-11-04,17.7,60.54,3.7,7.09,10.75,5.61,89.51,0.26,9.45,0.36,,,,0.31,0.52,22.89,76.4,0.48,185.04,0.0,0.0,0.0,,
2024-11-05,19.36,66.76,3.49,7.32,10.68,5.42,88.37,0.24,3.06,0.34,,,,0.3,0.49,23.66,73.77,0.51,191.8,0.0,0.0,0.0,,
2024-11-06,11.69,35.93,3.16,6.6,9.64,4.88,87.14,0.18,8.3,0.25,,,,0.22,0.31,21.07,78.88,0.59,178.2,0.0,0.0,0.0,,
2024-11-07,7.94,29.83,3.08,6.38,9.36,4.59,85.77,0.16,7.46,0.22,,,,0.18,0.25,20.37,79.04,0.54,197.03,0.0,0.0,0.0,,
2024-11-08,14.16,41.57,3.42,7.0,10.31,4.5,84.74,0.2,10.53,0.29,,,,0.24,0.37,19.83,79.55,0.48,178.66,0.0,0.0,0.0,,
2024-11-09,13.67,42.15,3.41,7.07,10.36,4.57,84.84,0.22,8.33,0.31,,,,0.26,0.43,20.03,77.69,0.55,172.71,0.0,0.0,0.0,,
2024-11-10,14.43,36.96,3.56,6.98,10.48,4.91,85.24,0.26,6.46,0.36,,,,0.3,0.52,20.73,78.09,0.48,186.92,0.0,0.0,0.0,,
2024-11-11,16.78,54.45,4.99,7.03,12.34,5.49,86.34,0.26,12.18,0.36,,,,0.31,0.53,22.09,75.3,0.5,181.44,0.0,0.0,0.0,,
2024-11-12,13.06,45.94,4.44,7.04,11.66,5.44,87.7,0.26,3.02,0.36,,,,0.32,0.53,22.25,73.03,0.61,187.23,0.0,0.0,0.0,,
2024-11-13,14.71,32.81,3.7,6.86,10.54,5.32,87.81,0.24,4.35,0.34,,,,0.29,0.49,21.68,72.63,0.59,183.81,0.0,0.0,0.0,,
2024-11-14,9.0,25.39,3.96,7.51,11.41,5.32,86.68,0.25,2.92,0.35,,,,0.3,0.5,19.83,75.79,0.61,169.88,0.0,0.0,0.0,,
2024-11-15,,,4.58,8.76,13.16,1.5,84.71,0.35,8.72,0.49,,,,0.42,0.47,,,,,0.0,0.0,0.0,,
2024-11-16,,,4.1,7.9,11.84,1.94,83.85,0.42,7.37,0.59,,,,0.51,0.57,,,,,0.0,0.0,0.0,,
2024-11-17,,,4.26,7.77,11.93,1.15,83.14,0.38,5.63,0.53,,,,0.46,0.51,,,,,0.0,0.0,0.0,,
2024-11-18,,,5.11,8.85,13.91,0.9,83.59,0.36,6.62,0.51,,,,0.44,0.49,,,,,0.0,0.0,0.0,,
2024-11-19,,,5.54,9.17,14.72,1.63,82.99,0.5,6.55,0.7,,,,0.6,0.68,,,,,0.0,0.0,0.0,,
2024-11-20,,,3.93,6.86,10.74,0.24,82.26,0.31,4.38,0.44,,,,0.37,0.42,18.38,9.91,0.76,123.22,0.12,0.06,0.0,,
2024-11-21,,,3.75,6.24,9.99,0.32,81.56,0.23,3.14,0.32,,,,0.28,0.31,17.78,53.91,0.75,118.74,0.32,0.16,0.0,,
2024-11-22,,,3.41,4.12,7.77,,80.0,0.12,0.16,0.17,,,,0.15,0.16,15.2,,0.67,154.39,0.01,0.0,0.0,,
2024-11-23,,,,,,,,,,,,,,,,,,,,,0.0,,,
2024-11-24,,,,,,,,,,,,,,,,,,,,,0.0,,,
2024-11-25,,,,,,,,,,,,,,,,,,,,,0.0,,,
2024-11-26,,,,,,,,,,,,,,,,,,,,,0.0,,,
2024-11-27,,,,,,,,,,,,,,,,,,,,,0.0,,,
2024-11-28,,,,,,,,,,,,,,,,,,,,,0.0,,,
2024-11-29,,,,,,,,,,,,,,,,,,,,,0.0,,,
2024-11-30,,,,,,,,,,,,,,,,,,,,,0.0,,,
2024-12-01,,,,,,,,,,,,,,,,,,,,,0.0,,,
2024-12-02,,,,,,,,,,,,,,,,,,,,,0.0,,,
2024-12-03,,,,,,,,,,,,,,,,,,,,,0.0,,,
2024-12-04,,,,,,,,,,,,,,,,,,,,,0.0,,,
2024-12-05,,,,,,,,,,,,,,,,,,,,,0.0,,,
2024-12-06,,,,,,,,,,,,,,,,,,,,,0.0,,,
2024-12-07,,,,,,,,,,,,,,,,,,,,,0.0,,,
2024-12-08,,,,,,,,,,,,,,,,,,,,,0.0,,,
2024-12-09,36.89,102.14,2.58,6.24,8.73,9.08,91.19,0.12,11.6,0.17,,,,0.14,,19.87,68.02,0.46,199.63,0.0,0.0,0.0,,
2024-12-10,31.41,50.71,2.56,6.17,8.64,9.03,90.12,0.12,4.39,0.17,,,,0.14,,16.71,73.73,0.72,186.16,0.0,0.0,0.0,,
2024-12-11,39.77,85.27,2.6,6.16,8.68,9.04,87.5,0.12,7.9,0.17,,,,0.14,,15.12,76.44,0.48,187.01,0.0,0.0,0.0,,
2024-12-12,38.08,69.02,2.61,6.15,8.69,9.02,87.04,0.12,6.95,0.17,,,,0.14,,15.24,80.39,0.5,188.18,0.0,0.0,0.0,,
2024-12-13,31.45,71.85,8.8,8.13,17.89,5.64,85.3,0.5,6.31,0.7,,,,0.6,1.2,16.52,64.71,0.52,193.92,0.0,0.0,0.0,,
2024-12-14,27.21,56.12,5.76,7.5,13.72,5.29,84.52,0.45,6.62,0.64,,,,0.54,1.06,15.36,62.91,0.53,182.67,0.0,0.0,0.0,,
2024-12-15,23.93,44.32,6.72,7.88,15.28,5.35,84.18,0.42,4.58,0.6,,,,0.51,0.99,14.94,57.02,0.5,177.54,0.0,0.0,0.0,,
2024-12-16,28.18,78.9,6.84,8.42,15.86,5.13,83.51,0.46,3.75,0.64,,,,0.54,1.07,14.2,54.64,0.5,181.88,0.0,0.0,0.0,,
2024-12-17,25.25,64.73,6.8,8.48,15.88,5.92,83.9,0.45,3.65,0.63,,,,0.54,1.05,16.16,57.87,0.53,181.74,0.0,0.0,0.0,,
2024-12-18,17.92,46.42,3.67,7.36,11.36,5.76,86.18,0.26,9.08,0.38,,,,0.32,0.56,19.58,57.52,0.58,188.6,0.0,0.0,0.0,,
2024-12-19,19.56,53.33,5.34,8.0,13.62,5.7,86.62,0.36,5.25,0.5,,,,0.44,0.81,18.37,57.74,0.55,183.98,0.0,0.0,0.0,,
2024-12-20,23.18,62.42,5.34,8.01,13.62,5.42,85.44,0.34,4.54,0.48,,,,0.42,0.76,16.38,56.36,0.48,165.18,0.0,0.0,0.0,,
2024-12-21,57.33,101.78,5.86,8.84,14.98,6.34,83.8,0.53,4.51,0.74,,,,0.64,1.28,14.19,56.85,0.5,180.42,0.0,0.0,0.0,,
2024-12-22,35.93,59.12,5.86,7.75,14.07,6.01,83.9,0.52,4.38,0.74,,,,0.62,1.25,14.98,63.15,0.6,169.41,0.0,0.0,0.0,,
2024-12-23,27.68,67.9,6.54,8.32,15.4,5.69,83.78,0.5,2.53,0.71,,,,0.6,1.2,14.77,61.23,0.51,179.76,0.0,0.0,0.0,,
2024-12-24,22.76,55.01,4.44,8.09,12.54,5.49,84.24,0.34,1.82,0.48,,,,0.4,0.75,15.96,57.64,0.56,181.74,0.0,0.0,0.0,,
2024-12-25,22.99,42.45,6.1,7.54,14.2,5.68,85.14,0.36,4.03,0.5,,,,0.42,0.8,16.74,53.88,0.5,172.35,0.0,0.0,0.0,,
2024-12-26,26.1,54.74,5.74,7.46,13.66,5.73,85.21,0.44,2.44,0.62,,,,0.53,1.02,13.82,78.85,0.47,192.89,0.0,0.0,0.0,,
2024-12-27,35.78,75.02,4.88,8.19,13.18,5.63,85.01,0.48,1.89,0.66,,,,0.56,1.12,15.82,76.55,0.49,190.57,0.0,0.0,0.0,,
2024-12-28,33.68,56.05,4.36,7.74,12.15,5.93,85.26,0.42,3.58,0.58,,,,0.5,0.96,18.2,56.42,0.46,188.06,0.0,0.0,0.0,,
2024-12-29,25.75,47.42,4.86,7.61,12.66,5.58,86.08,0.37,2.14,0.52,,,,0.44,0.84,17.44,60.4,0.54,185.8,0.0,0.0,0.0,,
2024-12-30,26.78,54.07,5.18,8.22,13.6,5.56,86.4,0.37,5.77,0.52,,,,0.44,0.83,16.46,57.61,0.61,175.62,0.0,0.0,0.0,,
2024-12-31,21.37,39.8,4.62,8.54,13.14,5.46,85.72,0.41,5.3,0.58,,,,0.5,0.95,15.72,56.37,0.55,178.58,0.0,0.0,0.0,,
