Timestamp,PM2.5 (µg/m³),PM10 (µg/m³),NO (µg/m³),NO2 (µg/m³),NOx (ppb),NH3 (µg/m³),SO2 (µg/m³),CO (mg/m³),Ozone (µg/m³),Benzene (µg/m³),Toluene (µg/m³),Xylene (µg/m³),O Xylene (µg/m³),Eth-Benzene (µg/m³),MP-Xylene (µg/m³),AT (°C),RH (%),WS (m/s),WD (deg),RF (mm),TOT-RF (mm),SR (W/mt2),BP (mmHg),VWS (m/s)
2022-01-01,61.223333333333336,151.47,12.872499999999999,29.680000000000003,41.9725,,157.87,1.475,8.666,1.5525,,,,,0.9700000000000001,,,,,,0.0,,,
2022-01-02,63.419999999999995,140.64666666666668,12.45,30.8,41.565,,12.22,1.29,12.696000000000002,1.365,,,,,0.8700000000000001,,,,,,0.0,,,
2022-01-03,61.199999999999996,122.93333333333334,14.175,58.895,46.13,,147.17,1.412,10.662,2.7625,,,,,0.8250000000000001,,,,,,0.0,,,
2022-01-04,78.33666666666666,125.30333333333334,17.44,36.663333333333334,52.046666666666674,,146.34,1.44,12.6,3.603333333333333,,,,,0.875,,,,,,0.0,,,
2022-01-05,74.32000000000001,120.86333333333334,24.4625,46.9525,69.08500000000001,,13.13,1.254,13.856,2.67,,,,,0.62,,,,,,0.0,,,
2022-01-06,70.47,114.32,16.755,39.995000000000005,56.39,,154.69,1.1800000000000002,15.756,2.54,,,,,0.4266666666666667,,,,,,0.0,,,
2022-01-07,66.35,104.22999999999999,17.6325,67.6225,51.4175,,153.42,1.4475,9.280000000000001,0.6433333333333334,,,,,0.51,,,,,,0.0,,,
2022-01-08,41.155,64.245,25.687500000000004,31.130000000000003,50.9525,,147.29,1.2875,7.0874999999999995,0.4166666666666667,,,,,0.37,,,,,,0.0,,,
2022-01-09,31.725,49.34,25.139999999999997,64.98,48.69,,153.56,1.2574999999999998,9.227500000000001,0.36000000000000004,,,,,0.33,,,,,,0.0,,,
2022-01-10,39.15,61.703333333333326,21.38,35.4875,52.515,,140.07,1.174,11.725999999999999,1.2075,,,,,0.37,,,,,,0.0,,,
2022-01-11,48.03333333333334,76.87666666666667,12.825000000000001,33.4975,45.25,,179.35,1.3579999999999999,10.318000000000001,1.7274999999999998,,,,,0.42500000000000004,,,,,,0.0,,,
2022-01-12,59.30666666666667,89.52666666666666,18.19,41.15333333333333,58.626666666666665,,6.54,1.1075,16.08,2.08,,,,,0.505,,,,,,0.0,,,
2022-01-13,66.26333333333334,100.33666666666666,11.877500000000001,31.3225,42.162499999999994,,5.18,1.12,12.282,2.045,,,,,0.44999999999999996,,,,,,0.0,,,
2022-01-14,59.14000000000001,89.57,11.7,54.576,39.702,,7.84,1.3820000000000001,10.129999999999999,1.9675,,,,,0.455,,,,,,0.0,,,
2022-01-15,65.02666666666667,96.63333333333333,13.260000000000002,30.095999999999997,42.638,,150.0,1.0939999999999999,10.128000000000002,1.5499999999999998,,,,,0.52,,,,,,0.0,,,
2022-01-16,61.923333333333325,96.64333333333333,12.841999999999999,27.194000000000006,38.699999999999996,,160.13,1.068,12.972,1.98,,,,,0.51,,,,,,0.0,,,
2022-01-17,58.47,95.19333333333334,12.946000000000002,29.157999999999998,40.464,,162.32,1.252,10.703999999999999,1.7674999999999998,,,,,0.57,,,,,,0.0,,,
2022-01-18,68.31333333333333,131.79999999999998,21.877999999999997,35.324,55.0,,5.66,1.274,11.0,2.15,,,,,0.76,,,,,,0.0,,,
2022-01-19,46.015,90.81,30.956666666666667,51.326666666666675,79.75999999999999,,140.74,1.4000000000000001,9.280000000000001,2.5766666666666667,,,,,0.76,,,,,,0.0,,,
2022-01-20,52.98333333333334,85.83333333333333,14.028,36.12,45.614,,4.42,1.1620000000000001,8.116000000000001,1.6,,,,,0.39666666666666667,,,,,,0.0,,,
2022-01-21,55.29999999999999,90.84333333333332,25.856,40.248,55.134,,133.23,1.216,10.820000000000002,1.42,,,,,0.36999999999999994,,,,,,0.0,,,
2022-01-22,42.94,66.75333333333333,25.655,31.011666666666667,44.306666666666665,,11.77,1.1333333333333333,11.985,0.954,,,,,0.3233333333333333,,,,,,0.0,,,
2022-01-23,165.35333333333332,274.73,13.346666666666666,20.231666666666666,31.04833333333333,,7.16,1.27,16.073333333333334,0.644,,,,,0.2933333333333333,,,,,,0.0,,,
2022-01-24,139.48666666666668,225.17666666666665,15.438333333333334,25.31,36.794999999999995,,127.99,1.3119999999999998,16.676666666666666,0.73,,,,,0.31666666666666665,,,,,,0.0,,,
2022-01-25,103.54,175.29333333333332,17.16,33.915,46.491666666666674,,128.77,1.074,10.836666666666666,1.4859999999999998,,,,,0.38000000000000006,,,,,,0.0,,,
2022-01-26,74.74666666666667,129.23333333333335,25.061666666666664,34.64833333333333,55.12333333333334,,134.01,1.146,8.74,1.7919999999999998,,,,,0.38249999999999995,,,,,,0.0,,,
2022-01-27,77.86,132.86,18.799999999999997,35.001666666666665,52.193333333333335,,5.46,1.368,14.90333333333333,1.9780000000000002,,,,,0.6833333333333332,,,,,,0.0,,,
2022-01-28,79.06,126.67333333333333,16.043333333333333,44.418333333333344,49.03666666666667,,124.76,1.362,11.293333333333331,2.086,,,,,0.6766666666666666,,,,,,0.0,,,
2022-01-29,78.14333333333333,124.98,19.52,38.266666666666666,56.88166666666666,,114.14,1.185,11.5,2.2039999999999997,,,,,0.7133333333333333,,,,,,0.0,,,
2022-01-30,75.37666666666667,122.33333333333333,19.333333333333332,49.556666666666665,56.42666666666667,,4.71,1.1700000000000002,11.379999999999997,2.132,,,,,0.6533333333333333,,,,,,0.0,,,
2022-01-31,63.86000000000001,104.12,18.90833333333333,38.095000000000006,55.83166666666667,,8.23,1.2300000000000002,11.886666666666665,2.2659999999999996,,,,,0.5,,,,,,0.0,,,
2022-02-01,59.69,96.91666666666667,16.601666666666667,36.230000000000004,50.98666666666666,,10.6,1.22,16.136666666666667,0.492,,,,,0.51,,,,,,0.0,,,
2022-02-02,66.98,107.08333333333333,18.451666666666664,35.92666666666667,52.70666666666667,,105.12,1.495,14.218333333333334,1.5859999999999999,,,,,0.535,,,,,,0.0,,,
2022-02-03,54.2425,86.075,16.201666666666664,28.62166666666667,42.19833333333334,,104.66,1.1383333333333334,12.291666666666666,1.7419999999999998,,,,,0.38999999999999996,,,,,,0.0,,,
2022-02-04,59.448333333333345,95.41833333333334,25.75333333333333,50.82,51.74,,132.3,1.4216666666666666,11.121666666666668,1.27,,,,,0.35666666666666663,,,,,,0.0,,,
2022-02-05,75.94166666666666,123.29666666666668,21.546,37.373999999999995,54.85,,6.52,1.1816666666666666,23.655,1.77,,,,,0.45,,,,,,0.0,,,
2022-02-06,77.34666666666668,126.23333333333333,20.053333333333335,53.318000000000005,54.188,,117.42,1.4416666666666664,19.895,2.082,,,,,0.5066666666666667,,,,,,0.0,,,
2022-02-07,68.04833333333333,109.92666666666669,21.075000000000003,35.345,52.775,,125.98,1.4816666666666667,21.35666666666667,1.968,,,,,0.6174999999999999,,,,,,0.0,,,
2022-02-08,72.338,116.578,16.375,50.95333333333334,45.50833333333333,,139.59,1.4816666666666667,20.471666666666668,1.51,,,,,1.6575,,,,,,0.0,,,
2022-02-09,51.6,79.75333333333333,17.583333333333332,51.821666666666665,48.355,,7.76,1.3066666666666666,17.965,0.826,,,,,0.6375,,,,,,0.0,,,
2022-02-10,66.70166666666667,104.27,19.97,43.05800000000001,55.67,,8.3,1.3083333333333333,19.78,0.656,,,,,0.5933333333333334,,,,,,0.0,,,
2022-02-11,64.84666666666668,100.39166666666667,27.909999999999997,41.296,64.03,,6.05,1.145,24.021666666666665,0.7300000000000001,,,,,0.6133333333333334,,,,,,0.0,,,
2022-02-12,68.21500000000002,107.93,16.8,38.43,46.165,,8.17,1.4399999999999997,25.210000000000004,0.654,,,,,0.5866666666666668,,,,,,0.0,,,
2022-02-13,70.22999999999999,113.41333333333334,14.021666666666667,26.775000000000002,38.59166666666667,,11.91,1.2249999999999999,34.13833333333333,0.5860000000000001,,,,,0.48,,,,,,0.0,,,
2022-02-14,58.814,93.672,17.128,29.006,38.117999999999995,,106.82,1.31,29.466,0.5575,,,,,0.47000000000000003,,,,,,0.0,,,
2022-02-15,56.21285714285714,90.66142857142857,29.467142857142854,46.42,54.64857142857143,,55.32000000000001,1.317142857142857,27.357142857142858,0.59,,,,,0.48333333333333334,,13.18,0.86,162.6,,0.0,409.1,945.44,
2022-02-16,48.489999999999995,78.03142857142858,25.917142857142856,35.84428571428571,50.02285714285715,,11.61,1.1014285714285712,22.658571428571427,0.5166666666666667,,,,,0.39666666666666667,,17.99,0.86,158.53,,0.0,434.01,943.68,
2022-02-17,42.18333333333333,67.91666666666667,24.173333333333336,37.24333333333333,52.63166666666666,,94.5,1.3399999999999999,15.533333333333331,0.44000000000000006,,,,,0.4033333333333333,,,,,,0.0,,,
2022-02-18,48.97571428571428,78.64571428571428,20.330000000000002,34.877142857142864,48.93857142857143,,7.88,1.0914285714285712,22.360000000000003,0.5216666666666667,,,,,0.42,,15.77,0.91,178.68,,0.0,322.66,943.79,
2022-02-19,53.07833333333334,85.28166666666668,38.39833333333333,64.66833333333334,53.94833333333333,,99.52,1.3650000000000002,24.564999999999998,0.42000000000000004,,,,,0.43,,,,,,0.0,,,
2022-02-20,46.451666666666675,74.98333333333333,20.848,48.824,46.39833333333333,,9.9,1.1283333333333332,24.406666666666666,0.41600000000000004,,,,,0.38000000000000006,,,,,,0.0,,,
2022-02-21,64.96,105.50142857142858,24.49142857142857,42.42857142857143,58.57285714285715,,13.59,1.0485714285714285,33.97571428571428,0.6483333333333334,,,,,0.47333333333333333,,22.51,0.85,159.83,,0.0,284.87,945.16,
2022-02-22,73.52,118.85,27.560000000000002,50.00285714285714,68.55,,17.415,1.3228571428571427,29.66142857142857,0.835,,,,,0.6966666666666667,,37.19,0.74,162.67,,0.0,241.66,946.91,
2022-02-23,77.27571428571427,125.3442857142857,25.555714285714288,47.07142857142857,64.75857142857143,,14.62,1.3771428571428572,33.395714285714284,0.8466666666666667,,,,,0.7133333333333334,,41.62,0.76,172.03,,0.0,205.82,948.59,
2022-02-24,77.08000000000001,124.47285714285714,25.024285714285714,48.59428571428572,62.551428571428566,,13.525,1.417142857142857,24.947142857142858,0.8083333333333335,,,,,0.5733333333333334,,39.63,0.78,170.97,,0.0,181.18,949.51,
2022-02-25,66.3,107.74428571428572,24.773333333333337,49.745,63.595,,31.36,1.2685714285714285,33.26714285714285,0.64,,,,,0.5533333333333333,,36.09,0.76,178.47,,0.0,231.61,948.99,
2022-02-26,70.89571428571428,115.20142857142855,22.60571428571429,42.93428571428571,59.36714285714286,,16.015,1.3757142857142857,29.747142857142855,0.5883333333333334,,,,,0.48666666666666664,,32.19,0.76,181.09,,0.0,231.42,948.59,
2022-02-27,68.00571428571429,109.88857142857144,21.395714285714288,39.38,54.605714285714285,,49.68,1.3814285714285715,30.162857142857142,0.57,,,,,0.49666666666666665,,32.58,0.76,172.09,,0.0,210.95,949.1,
2022-02-28,64.58142857142857,104.17428571428572,22.189999999999998,42.6,57.94857142857143,,26.674999999999997,1.2028571428571428,30.775714285714287,0.5516666666666666,,,,,0.48,,30.83,0.75,202.37,,0.0,216.51,948.81,
2022-03-01,67.07124999999999,109.2425,21.972857142857144,40.80428571428571,56.72714285714286,,12.365,1.1528571428571428,27.57125,0.7457142857142857,,,,,0.595,,30.03,0.76,184.48,,0.0,233.15,948.94,
2022-03-02,73.63125,120.4075,21.20285714285714,39.901428571428575,57.597142857142856,,49.585,1.3685714285714285,26.36375,0.8200000000000001,,,,,0.6475,,33.88,0.76,147.78,,0.0,204.35,948.39,
2022-03-03,65.95,107.60125000000001,20.632857142857144,38.51142857142857,53.447142857142865,,10.57,1.2442857142857142,31.59875,0.7842857142857144,,,,,0.6174999999999999,,33.65,0.78,215.41,,0.0,214.04,947.99,
2022-03-04,70.04625,114.78875,20.114285714285717,39.85142857142857,54.84285714285715,,50.12,1.1428571428571428,25.3525,0.7328571428571429,,,,,0.5825,,32.65,0.78,184.07,,0.0,226.92,948.17,
2022-03-05,65.07625,106.9125,21.075714285714287,39.02142857142858,53.82285714285715,,10.35,1.1771428571428573,37.08375,0.6971428571428572,,,,,0.5825,,37.19,0.71,249.98,,0.0,313.07,948.51,
2022-03-06,65.62428571428572,107.54714285714284,19.33666666666667,46.77833333333333,51.885,,6.4,1.434,24.297142857142855,0.6516666666666667,,,,,0.5525,,,,,,0.0,,,
2022-03-07,74.1842857142857,117.57428571428572,16.718333333333337,34.23833333333334,49.335,,2.54,1.2683333333333333,28.755714285714284,0.7316666666666666,,,,,0.57,,,,,,0.0,,,
2022-03-08,69.02833333333335,112.25500000000001,17.384,38.26,46.327999999999996,,5.95,1.422,17.763333333333332,0.89,,,,,0.6175,,,,,,0.0,,,
2022-03-09,60.652857142857144,97.64,15.748333333333333,36.25333333333334,45.54666666666666,,7.28,1.0616666666666668,33.184285714285714,0.788,,,,,0.5175000000000001,,,,,,0.0,,,
2022-03-10,72.2,117.61833333333334,18.137999999999998,42.162,53.02,,6.11,1.414,18.166666666666668,0.924,,,,,0.8166666666666668,,,,,,0.0,,,
2022-03-11,67.97714285714287,110.38857142857141,16.62,33.29833333333333,42.92499999999999,,104.58,1.365,33.28,0.8560000000000001,,,,,0.56,,,,,,0.0,,,
2022-03-12,55.82142857142857,89.55428571428571,26.218,44.314,55.25999999999999,,9.52,1.575,24.615714285714287,0.778,,,,,0.6966666666666667,,,,,,0.0,,,
2022-03-13,65.86,107.98428571428572,19.240000000000002,43.94,54.306,,88.62,1.6116666666666666,22.625714285714285,0.748,,,,,0.6766666666666666,,,,,,0.0,,,
2022-03-14,69.38571428571429,113.45142857142856,27.503333333333334,42.25666666666667,61.71,,14.67,1.3283333333333334,24.82428571428571,0.924,,,,,0.8066666666666666,,,,,,0.0,,,
2022-03-15,79.48857142857142,131.03714285714287,20.611666666666665,39.47,52.73833333333334,,6.3,1.3533333333333335,18.704285714285714,0.8300000000000001,,,,,0.8133333333333334,,,,,,0.0,,,
2022-03-16,90.69,138.14166666666668,20.454,38.548,50.522000000000006,,60.86,1.3059999999999998,20.96166666666667,0.82,,,,,0.7799999999999999,,,,,,0.0,,,
2022-03-17,109.21428571428571,158.46,20.515,38.76333333333333,50.98333333333333,,70.77,1.735,20.785714285714285,0.9559999999999998,,,,,0.6399999999999999,,,,,,0.0,,,
2022-03-18,76.71714285714286,127.02857142857144,16.823333333333334,39.88333333333333,39.95833333333333,,82.83,1.5833333333333337,26.987142857142853,0.9199999999999999,,,,,0.5775,,,,,,0.0,,,
2022-03-19,95.86833333333334,155.44500000000002,22.148000000000003,47.384,43.872,,91.42,1.514,25.40833333333333,0.7540000000000001,,,,,0.5175,,,,,,0.0,,,
2022-03-20,62.10285714285715,101.75,15.683333333333335,26.373333333333335,37.855,,11.35,1.49,29.42571428571429,0.435,,,,,0.3333333333333333,,,,,,0.0,,,
2022-03-21,79.53714285714285,120.71142857142858,15.036666666666667,42.981666666666676,43.06333333333333,,88.91,1.5199999999999998,22.548571428571428,0.5349999999999999,,,,,0.4033333333333333,,,,,,0.0,,,
2022-03-22,82.65333333333334,133.04333333333332,17.098333333333333,36.885,46.46000000000001,,9.87,1.5633333333333332,22.147142857142857,0.685,,,,,0.48666666666666664,,,,,,0.0,,,
2022-03-23,77.29714285714284,126.2514285714286,14.805000000000001,31.488333333333333,45.615,,7.97,1.4266666666666667,30.65857142857143,0.8274999999999999,,,,,0.5233333333333333,,,,,,0.0,,,
2022-03-24,85.90166666666666,131.205,14.745,32.07333333333333,39.56666666666667,,95.85,1.3833333333333335,27.498333333333335,0.605,,,,,0.4333333333333333,,,,,,0.0,,,
2022-03-25,72.66857142857143,117.46857142857142,12.708333333333334,25.323333333333334,37.315000000000005,,135.68,1.6133333333333333,22.577142857142857,0.722,,,,,0.5175000000000001,,,,,,0.0,,,
2022-03-26,66.28857142857143,106.0,14.696666666666665,31.735000000000003,39.34666666666667,,128.59,1.4249999999999998,22.3,0.7539999999999999,,,,,0.52,,,,,,0.0,,,
2022-03-27,64.416,103.52799999999999,17.200000000000003,59.32,44.6525,,107.3,1.7575,31.518,0.63,,,,,0.3633333333333333,,,,,,0.0,,,
2022-03-28,57.6157142857143,99.39,15.813333333333334,39.40833333333334,43.64500000000001,,13.91,1.4699999999999998,28.351428571428578,0.834,,,,,0.5375,,,,,,0.0,,,
2022-03-29,55.89666666666667,107.68666666666667,15.514,35.796,42.646,,88.41,1.4260000000000002,26.686666666666667,0.9175,,,,,0.64,,,,,,0.0,,,
2022-03-30,56.99857142857143,102.84285714285713,14.356666666666664,29.776666666666667,43.48333333333333,,77.28,1.4100000000000001,26.62428571428572,0.792,,,,,0.57,,,,,,0.0,,,
2022-03-31,50.52714285714286,93.46428571428571,17.166666666666668,36.7,46.905,,5.17,1.0666666666666667,22.02857142857143,0.738,,,,,0.5549999999999999,,,,,,0.0,,,
2022-04-01,54.32666666666666,104.12,18.556,37.558,47.34,,9.65,1.422,31.416666666666668,0.76,,,,,0.5525,,,,,,0.0,,,
2022-04-02,61.35166666666667,118.94,15.174000000000001,29.692000000000007,44.05200000000001,,8.32,1.094,25.296666666666667,0.818,,,,,0.5349999999999999,,,,,,0.0,,,
2022-04-03,61.22833333333333,112.55333333333334,15.64,33.478,40.11,,11.21,1.174,31.544999999999998,0.744,,,,,0.51,,,,,,0.0,,,
2022-04-04,66.12666666666667,123.87666666666665,16.26,48.118,40.746,,100.03,1.522,26.853333333333335,0.82,,,,,0.5425,,,,,,0.0,,,
2022-04-05,59.458000000000006,104.46399999999998,17.58,55.495,42.7425,,108.89,1.52,24.82,0.99,,,,,0.5299999999999999,,,,,,0.0,,,
2022-04-06,61.50857142857142,105.60571428571428,15.518333333333333,32.36,40.126666666666665,,12.91,1.5716666666666665,24.497142857142858,0.7380000000000001,,,,,0.5275,,,,,,0.0,,,
2022-04-07,60.18142857142857,102.25333333333333,15.450000000000001,27.015000000000004,39.63666666666667,,11.37,1.5133333333333334,26.1,0.758,,,,,0.5225,,,,,,0.0,,,
2022-04-08,56.56857142857143,94.16142857142856,16.095,42.51333333333333,45.24333333333333,,88.4,1.4549999999999998,25.217142857142854,0.9359999999999999,,,,,0.6,,,,,,0.0,,,
2022-04-09,55.12833333333333,90.21499999999999,16.904,49.966,47.586,,109.38,1.714,20.88,0.74,,,,,0.5566666666666666,,,,,,0.0,,,
2022-04-10,51.35,76.34833333333333,15.113333333333335,54.85,41.83,,4.99,1.625,26.55333333333333,0.71,,,,,0.5366666666666666,,,,,,0.0,,,
2022-04-11,53.82,84.30142857142856,14.374,41.50333333333334,37.977999999999994,,100.97,1.71,30.55857142857143,0.72,,,,,0.5075000000000001,,,,,,0.0,,,
2022-04-12,62.425714285714285,100.76285714285713,16.01,37.218333333333334,46.82,,11.54,1.7066666666666668,30.98142857142857,0.806,,,,,0.5525,,,,,,0.0,,,
2022-04-13,73.56714285714285,118.3785714285714,15.368333333333334,37.34166666666667,46.05500000000001,,82.69,1.668333333333333,29.777142857142856,0.842,,,,,0.595,,,,,,0.0,,,
2022-04-14,82.53285714285714,135.27714285714285,13.098333333333334,26.313333333333333,38.776666666666664,,10.21,1.1849999999999998,27.89285714285714,1.6940000000000002,,,,,1.5075,,,,,,0.0,,,
2022-04-15,49.78142857142858,80.03142857142858,12.868333333333332,24.883333333333336,37.32833333333333,,10.53,1.21,27.827142857142857,1.31,,,,,1.1675,,,,,,0.0,,,
2022-04-16,61.75999999999999,100.08142857142856,13.323333333333332,27.94666666666667,40.783333333333324,,83.39,1.55,28.082857142857144,1.502,,,,,1.2925,,,,,,0.0,,,
2022-04-17,50.43166666666667,84.51666666666667,13.092500000000001,25.942499999999995,38.27,,,1.1833333333333333,35.276666666666664,1.625,,,,,1.42,,,,,,0.0,,,
2022-04-18,51.325714285714284,81.72714285714285,13.533333333333331,27.781666666666666,40.315,,17.36,1.3299999999999998,32.50714285714286,1.44,,,,,1.0725,,,,,,0.0,,,
2022-04-19,59.80571428571428,96.44571428571429,13.495,27.47666666666667,40.35,,103.44,1.373333333333333,34.135714285714286,1.4739999999999998,,,,,1.375,,,,,,0.0,,,
2022-04-20,58.269999999999996,93.60571428571428,14.915000000000001,39.571666666666665,43.29833333333334,,97.41,1.615,23.047142857142855,1.524,,,,,1.5225,,,,,,0.0,,,
2022-04-21,69.67142857142856,111.5,16.995,36.55833333333333,50.38833333333334,,81.99,1.575,21.30857142857143,2.4219999999999997,,,,,3.6899999999999995,,,,,,0.0,,,
2022-04-22,78.98,127.19285714285715,20.956,41.224000000000004,56.31,,80.83,1.6366666666666667,27.66142857142857,2.8949999999999996,,,,,4.84,,,,,,0.0,,,
2022-04-23,56.17666666666667,89.60833333333335,18.1625,49.57,55.135000000000005,,95.28,1.6220000000000003,27.58666666666667,1.8719999999999999,,,,,4.265000000000001,,,,,,0.0,,,
2022-04-24,59.242,93.184,15.2025,31.0275,44.44499999999999,,110.06,1.713333333333333,25.85,0.4775,,,,,0.38333333333333336,,,,,,0.0,,,
2022-04-25,58.61333333333332,93.77999999999999,13.175999999999998,41.788,39.342,,104.66,1.4280000000000002,26.895,1.3339999999999999,,,,,1.685,,,,,,0.0,,,
2022-04-26,86.34,100.38571428571429,14.280000000000001,37.2,42.48166666666666,,84.52,1.5116666666666665,32.168571428571425,1.9399999999999997,,,,,1.9299999999999997,,,,,,0.0,,,
2022-04-27,74.30571428571429,120.84714285714287,16.94,37.56166666666667,50.06166666666667,,83.41,1.5933333333333335,25.301428571428573,2.2099999999999995,,,,,4.2700000000000005,,,,,,0.0,,,
2022-04-28,80.15857142857143,130.96571428571428,16.34,30.159999999999997,45.553333333333335,,8.9,1.46,27.400000000000002,2.7449999999999997,,,,,4.4025,,,,,,0.0,,,
2022-04-29,50.56166666666667,80.12666666666668,15.011666666666668,29.560000000000002,42.01166666666667,,16.77,1.531666666666667,38.585,0.6,,,,,0.36000000000000004,,,,,,0.0,,,
2022-04-30,45.06,71.14666666666666,12.103333333333333,24.136666666666667,35.81,,84.84,1.3949999999999998,24.198333333333334,0.6133333333333334,,,,,0.38666666666666666,,,,,,0.0,,,
2022-05-01,38.294,59.854000000000006,12.2775,20.7925,32.2625,,9.87,1.1625,26.441999999999997,0.5066666666666667,,,,,0.3333333333333333,,,,,,0.0,,,
2022-05-02,36.737142857142864,58.462857142857146,13.87,24.476666666666663,37.776666666666664,,23.73,1.5357142857142858,21.744285714285713,1.3575,,,,,1.5666666666666667,,,,,,0.0,,,
2022-05-03,50.68833333333333,80.16,12.118571428571428,22.17285714285714,33.91428571428572,,49.06,1.332857142857143,21.91857142857143,1.7874999999999999,,,,,1.15,,,,,,0.0,,,
2022-05-04,51.78142857142857,82.04571428571428,13.665714285714287,25.13714285714286,38.09142857142857,,9.34,1.287142857142857,21.63571428571429,1.7275,,,,,1.26,,,,,,0.0,,,
2022-05-05,58.61857142857143,92.99857142857145,13.178571428571429,25.880000000000003,38.15999999999999,,10.3,1.507142857142857,28.435714285714287,1.565,,,,,1.42,,,,,,0.0,,,
2022-05-06,74.47571428571428,117.20285714285716,19.96,30.298571428571428,49.33142857142857,,14.58,1.2028571428571428,29.59714285714286,1.8675000000000002,,,,,1.9633333333333336,,41.16,1.06,236.04,,0.0,20.82,941.49,
2022-05-07,102.46600000000001,159.55,20.23833333333333,43.51,50.36666666666667,,61.769999999999996,1.3699999999999999,28.39833333333333,0.86,,,,,0.375,,60.02,0.84,250.16,,0.0,,943.04,
2022-05-08,87.874,135.19400000000002,18.993333333333336,30.759999999999994,48.839999999999996,,13.215,1.21,35.88999999999999,0.7966666666666667,,,,,0.59,,40.07,0.91,247.65,,0.0,222.89,941.32,
2022-05-09,78.322,121.21600000000001,17.12,27.143333333333334,43.98333333333334,,11.285,1.4216666666666666,25.858333333333334,0.6766666666666667,,,,,0.49,,43.47,0.85,258.35,,0.0,279.45,940.78,
2022-05-10,56.65999999999999,94.626,13.15,26.025000000000002,38.79,,,1.2866666666666666,29.041666666666668,1.8066666666666666,,,,,2.265,,,,,,0.0,,,
2022-05-11,63.88428571428572,101.02999999999999,16.88,26.1075,42.85499999999999,,18.7,1.4362499999999998,28.085000000000004,1.704,,,,,1.6166666666666665,,41.9,0.99,230.98,,0.0,157.06,938.45,
2022-05-12,59.10857142857143,93.48428571428572,16.5975,42.6575,41.27375,,78.375,1.32125,27.39875,1.3599999999999999,,,,,1.3233333333333335,,45.69,0.92,256.56,,0.0,201.63,939.85,
2022-05-13,111.87714285714284,98.43571428571428,16.358750000000004,24.74125,40.79625,,12.39,1.1675,26.0475,1.3980000000000001,,,,,1.035,,36.45,0.76,193.58,,0.0,263.44,941.77,
2022-05-14,67.83285714285714,108.18142857142857,16.801250000000003,38.46875,42.255,,64.09,1.38875,28.4125,1.6079999999999999,,,,,1.16,,43.94,0.88,270.07,,0.0,110.34,941.57,
2022-05-15,56.44428571428572,89.02285714285713,16.982857142857142,26.212857142857143,42.92857142857143,,14.105,1.497142857142857,24.6325,1.4819999999999998,,,,,0.9425,,49.59,0.81,198.1,,0.0,295.59,942.43,
2022-05-16,73.95833333333333,107.33999999999999,18.737142857142857,57.60857142857144,47.395714285714284,,15.365,1.3157142857142856,30.854285714285712,1.8575,,,,,1.4333333333333333,,33.48,0.97,204.48,,0.0,317.06,940.2,
2022-05-17,113.98000000000002,167.1185714285714,36.160000000000004,46.6175,68.43375,,107.905,1.2425,33.393750000000004,1.7159999999999997,,,,,1.225,,42.61,0.67,209.1,,0.0,229.9,940.63,
2022-05-18,94.55799999999999,157.25,12.815999999999999,104.58166666666665,37.66199999999999,,,1.0357142857142858,29.209999999999997,1.8675,,,,,1.7733333333333332,,52.56,0.37,204.22,,0.0,79.9,940.67,
2022-05-19,113.25999999999999,187.82,12.794,104.395,37.554,,,1.0399999999999998,31.35833333333333,1.9725000000000001,,,,,2.115,,63.02,0.34,211.02,,0.0,105.32,942.24,
2022-05-20,82.562,143.07,12.656,102.84666666666665,35.462,,,1.0857142857142859,21.863333333333333,1.8025,,,,,1.5433333333333332,,50.61,0.82,246.91,,0.0,145.55,942.44,
2022-05-21,67.664,118.58,12.910000000000002,103.48833333333333,36.589999999999996,,,1.1,20.521666666666665,1.63,,,,,1.675,,49.45,0.81,260.03,,0.0,259.34,942.19,
2022-05-22,60.424,98.426,12.958000000000002,103.71166666666664,36.952,,,1.09,20.591666666666665,1.2533333333333334,,,,,0.9249999999999999,,50.29,0.81,306.34,,0.0,262.56,940.6,
2022-05-23,36.68333333333333,57.88999999999999,11.915,117.19000000000001,32.6875,,,1.024,23.035,0.6599999999999999,,,,,0.19,,50.93,0.83,189.62,,0.0,223.59,940.03,
2022-05-24,42.79,66.25,12.921666666666667,91.13571428571429,35.62666666666667,,105.65,1.4499999999999997,21.98,1.5075,,,,,1.4666666666666668,,50.51,0.83,208.82,,0.0,254.13,942.61,
2022-05-25,51.663333333333334,85.58166666666666,18.50666666666667,111.81428571428572,41.615,,128.36,1.4349999999999998,17.448571428571427,1.6375000000000002,,,,,1.1633333333333333,,47.9,0.84,214.03,,0.0,251.37,944.58,
2022-05-26,63.598,98.904,15.486666666666666,90.67428571428572,36.02333333333334,,134.72,1.374285714285714,21.919999999999998,1.5839999999999999,,,,,1.18,,50.29,0.83,234.44,,0.0,272.57,944.16,
2022-05-27,49.142,76.34,12.743333333333332,89.95285714285714,34.205000000000005,,8.4,1.3514285714285716,31.121666666666666,1.432,,,,,1.185,,49.17,0.82,175.19,,0.0,233.69,943.89,
2022-05-28,45.16,69.404,12.216666666666663,89.1857142857143,32.65,,10.54,1.34,26.845,1.366,,,,,1.1674999999999998,,49.13,0.81,186.78,,0.0,251.12,943.24,
2022-05-29,44.534,67.978,13.508333333333333,91.61285714285714,36.501666666666665,,124.35,1.35,17.34,1.3425,,,,,1.5350000000000001,,49.8,0.81,216.16,,0.0,269.25,943.16,
2022-05-30,49.9625,74.63250000000001,15.703999999999999,104.77333333333333,40.126,,129.53,1.4100000000000001,15.687999999999999,1.6775,,,,,1.73,,50.64,0.82,164.92,,0.0,268.4,942.75,
2022-05-31,59.874,93.6,14.464999999999998,92.90285714285714,38.60833333333333,,140.26,1.1442857142857144,22.595,1.5575,,,,,1.82,,49.83,0.84,167.37,,0.0,267.79,941.96,
2022-06-01,58.92249999999999,89.94500000000001,14.798000000000002,103.94833333333332,38.972,,112.12,1.1533333333333335,17.778,1.9575,,,,,1.3833333333333335,,53.0,0.81,237.0,,0.0,125.42,942.46,
2022-06-02,61.71,95.628,15.758333333333333,93.79428571428572,40.62,,127.2,1.3585714285714283,18.246666666666666,1.9375,,,,,1.2866666666666668,,48.98,0.84,251.42,,0.0,260.16,942.33,
2022-06-03,60.49166666666667,94.52833333333335,14.641428571428573,99.50125,37.73,,125.55,1.38125,26.457142857142856,1.544,,,,,0.85,,47.85,0.85,286.38,,0.0,212.19,942.07,
2022-06-04,57.81,90.18333333333334,15.000000000000002,84.22249999999998,38.348571428571425,,126.39,1.4037499999999998,31.425714285714285,1.6019999999999999,,,,,1.7566666666666666,,48.03,0.85,217.88,,0.0,249.8,941.7,
2022-06-05,49.29333333333333,76.71666666666667,12.747142857142858,82.98125,34.87142857142857,,132.17,1.3562500000000002,34.54142857142857,1.588,,,,,1.3933333333333333,,48.89,0.87,212.55,,0.0,205.11,941.54,
2022-06-06,46.85666666666666,73.04333333333334,14.965714285714286,83.13125000000001,35.89857142857142,,126.14,1.2774999999999999,25.685714285714283,1.446,,,,,1.4000000000000001,,63.14,0.76,152.27,,0.0,6.98,941.88,
2022-06-07,43.73833333333334,67.67999999999999,13.222857142857142,83.47125000000001,36.002857142857145,,129.39,1.2562499999999999,26.280000000000005,1.8679999999999999,,,,,1.3433333333333335,,47.22,0.89,190.55,,0.0,260.21,942.38,
2022-06-08,32.68166666666667,49.65,13.40714285714286,82.77250000000001,35.88428571428572,,142.77,1.3975000000000002,28.68142857142857,1.4460000000000002,,,,,1.5833333333333333,,54.33,0.84,220.48,,0.0,169.54,942.28,
2022-06-09,31.828333333333333,48.26499999999999,13.899999999999997,101.61124999999998,38.17285714285714,,80.2,1.4025,26.885714285714283,1.5059999999999998,,,,,1.8600000000000003,,58.59,0.79,192.49,,0.0,106.12,941.42,
2022-06-10,22.705000000000002,33.18666666666667,12.458571428571428,81.5225,33.67857142857143,,154.44,1.395,23.041428571428572,1.2519999999999998,,,,,1.295,,69.92,0.72,113.51,,0.0,0.02,941.0,
2022-06-11,22.938333333333333,34.69166666666666,15.511428571428567,24.6,37.73714285714285,,162.43,1.2114285714285715,22.672857142857143,1.1800000000000002,,,,,1.0075,,,,,,0.0,,,
2022-06-12,19.832,29.059999999999995,11.421666666666667,46.50666666666667,31.60333333333334,,149.26,1.0333333333333334,21.423333333333332,0.5,,,,,0.49333333333333335,,,,,,0.0,,,
2022-06-13,23.73333333333333,35.18166666666667,10.668571428571429,19.349999999999998,29.85571428571429,,137.9,1.4728571428571426,22.235714285714288,1.16,,,,,1.0425,,,,,,0.0,,,
2022-06-14,35.98500000000001,56.278333333333336,9.85142857142857,17.752857142857145,27.121428571428574,,134.39,1.512857142857143,20.497142857142858,1.1725,,,,,1.1424999999999998,,,,,,0.0,,,
2022-06-15,34.43833333333333,52.99666666666667,10.328571428571427,17.84857142857143,27.728571428571428,,139.42,1.5542857142857145,21.77142857142857,1.2475,,,,,1.175,,,,,,0.0,,,
2022-06-16,28.923333333333332,43.82833333333334,9.294285714285715,16.40142857142857,25.618571428571425,,146.93,1.49,21.304285714285715,1.0725,,,,,0.9450000000000001,,,,,,0.0,,,
2022-06-17,29.804000000000002,45.104,9.578333333333335,41.48833333333334,25.77,,142.81,1.6466666666666665,24.058333333333334,1.3800000000000001,,,,,1.3775,,,,,,0.0,,,
2022-06-18,30.579999999999995,46.592000000000006,9.333333333333334,15.850000000000003,25.111666666666665,,139.33,1.4816666666666665,23.63,1.2525000000000002,,,,,1.1675,,,,,,0.0,,,
2022-06-19,21.193999999999996,31.226,9.001666666666667,15.774999999999999,24.49166666666667,,149.98,1.3866666666666665,22.83,1.1825,,,,,1.06,,,,,,0.0,,,
2022-06-20,23.044,34.884,11.198333333333332,19.561666666666667,29.745,,167.19,1.553333333333333,13.300000000000002,1.4033333333333333,,,,,1.0166666666666668,,,,,,0.0,,,
2022-06-21,21.264,31.772000000000002,8.840000000000002,43.93833333333334,24.944999999999997,,8.23,1.3099999999999998,13.25,1.62,,,,,1.61,,,,,,0.0,,,
2022-06-22,23.14,34.786,9.57,17.048333333333332,26.32666666666667,,160.65,1.5333333333333334,13.868333333333334,1.6633333333333333,,,,,1.5733333333333333,,,,,,0.0,,,
2022-06-23,22.927999999999997,33.727999999999994,9.818333333333333,18.80666666666667,27.01,,170.44,1.5499999999999998,12.918333333333331,1.74,,,,,1.7066666666666663,,,,,,0.0,,,
2022-06-24,22.501666666666665,33.98666666666667,9.979999999999999,18.433333333333334,27.496666666666666,,171.76,1.4285714285714286,11.715714285714286,1.3775,,,,,1.48,,,,,,0.0,,,
2022-06-25,16.765,24.570000000000004,9.25,18.198571428571427,25.738571428571426,,157.95,1.1171428571428572,15.714285714285714,1.0975000000000001,,,,,0.9025,,,,,,0.0,,,
2022-06-26,17.619999999999997,25.802,8.81,17.593333333333334,24.848333333333333,,163.33,1.4549999999999998,15.126666666666665,1.0825,,,,,0.935,,,,,,0.0,,,
2022-06-27,19.663333333333334,29.0,10.234285714285715,19.427142857142858,28.642857142857142,,170.72,1.5642857142857143,10.654285714285715,1.2775,,,,,1.1675,,,,,,0.0,,,
2022-06-28,24.36,37.08166666666667,11.290000000000001,44.41714285714285,30.14428571428571,,175.66,1.4271428571428573,10.632857142857143,1.4875,,,,,1.5999999999999996,,,,,,0.0,,,
2022-06-29,28.478333333333328,44.30166666666667,10.801428571428572,19.71142857142857,29.334285714285716,,164.0,1.6614285714285713,11.698571428571428,1.6075,,,,,1.5725,,,,,,0.0,,,
2022-06-30,16.604,26.912,9.586666666666666,17.583333333333332,26.935,,10.08,1.3066666666666666,11.746666666666668,1.345,,,,,1.1825,,,,,,0.0,,,
2022-07-01,21.863999999999997,32.476,9.680000000000001,18.39166666666667,27.09166666666667,,11.38,1.3999999999999997,11.496666666666668,1.5325,,,,,1.3925,,,,,,0.0,,,
2022-07-02,30.286,46.03600000000001,9.56,48.865,26.771666666666672,,177.86,1.6199999999999999,12.62,1.3875000000000002,,,,,1.3250000000000002,,,,,,0.0,,,
2022-07-03,26.382000000000005,40.248,9.293333333333335,16.743333333333336,26.095,,15.87,1.3883333333333334,10.578333333333335,1.2149999999999999,,,,,1.2575,,,,,,0.0,,,
2022-07-04,21.202,30.644,9.741999999999999,55.367999999999995,26.286,,11.94,1.488,10.646,1.8766666666666667,,,,,1.87,,,,,,0.0,,,
2022-07-05,18.8275,26.485,10.178,19.607999999999997,23.74,,179.08,1.3299999999999998,14.366000000000003,1.57,,,,,2.16,,75.02,,280.0,,0.0,17.77,936.84,
2022-07-06,20.394,30.072000000000003,9.121666666666668,15.956666666666665,25.043333333333333,,7.74,1.237142857142857,12.826666666666668,1.48,,,,,2.143333333333333,,79.53,,284.94,,0.0,52.49,938.65,
2022-07-07,18.282000000000004,26.333999999999996,9.25,48.10666666666666,25.485,,179.11,1.2157142857142857,14.235,1.3575,,,,,1.8466666666666667,,79.59,,245.71,,0.0,52.64,941.24,
2022-07-08,29.700000000000003,47.525,7.0,176.08,20.035,,,0.5833333333333334,22.89,0.32,,,,,0.98,,76.44,0.23,161.48,,0.0,62.8,940.3,
2022-07-09,17.08,26.11,7.225,175.33333333333334,19.33,,,0.8766666666666666,27.115,0.27,,,,,,,76.85,0.23,156.29,,0.0,25.36,939.4,
2022-07-10,20.345,31.395000000000003,7.255,175.10333333333332,19.13,,,0.8666666666666666,12.33,0.27,,,,,,,76.85,0.23,156.29,,0.0,25.36,939.4,
2022-07-11,53.33,91.32499999999999,7.335,175.61666666666667,19.105,,,0.88,10.86,0.27,,,,,,,76.85,0.23,156.29,,0.0,25.36,939.4,
2022-07-12,,,,500.0,0.0,,,0.09,,0.13,,,,,,,78.3,0.23,170.9,,0.0,45.39,940.42,
2022-07-13,9.79,11.49,6.55,13.63,10.085,,,0.72,10.46,0.0,,,,,,,80.17,,173.32,,0.0,29.31,938.7,
2022-07-14,17.28,24.76,6.03,12.42,9.225,,,0.635,9.63,0.0,,,,,,,78.06,,152.8,,0.0,50.51,936.14,
2022-07-15,16.2,22.83,5.83,11.96,8.895,,,0.6,8.29,0.0,,,,,,,79.36,,183.66,,0.0,22.77,936.16,
2022-07-16,17.8,25.73,11.215,21.505000000000003,32.72,,,1.535,6.1850000000000005,,,,,,,,,,,,0.0,,,
2022-07-17,19.59,28.87,9.43,18.2,27.625,,,1.355,6.48,,,,,,,,,,,,0.0,,,
2022-07-18,20.02,29.66,9.995,19.285,29.28,,,1.4300000000000002,7.890000000000001,,,,,,,,,,,,0.0,,,
2022-07-19,21.68,32.6,9.895,19.075000000000003,28.97,,,1.4,9.185,,,,,,,,,,,,0.0,,,
2022-07-20,21.82,32.85,10.004999999999999,19.285,29.295,,,1.4249999999999998,8.92,,,,,,,,,,,,0.0,,,
2022-07-21,21.22,31.77,10.07,19.2,29.28,,,1.33,8.545,,,,,,,,,,,,0.0,,,
2022-07-22,,,15.96,29.9,45.86,,,1.82,5.96,,,,,,,,,,,,0.0,,,
2022-07-23,,,14.58,27.34,41.92,,,1.68,5.47,,,,,,,,,,,,0.0,,,
2022-07-24,,,14.78,27.71,42.49,,,1.69,5.59,,,,,,,,,,,,0.0,,,
2022-07-25,,,15.43,28.9,44.32,,,1.76,5.0,,,,,,,,,,,,0.0,,,
2022-07-26,,,15.14,28.39,43.52,,,1.73,5.15,,,,,,,,,,,,0.0,,,
2022-07-27,,,16.89,31.62,48.51,,,1.93,6.65,,,,,,,,,,,,0.0,,,
2022-07-28,,,17.46,32.68,50.14,,,1.97,7.72,,,,,,,,,,,,0.0,,,
2022-07-29,59.42,95.3,26.65,31.36,58.004999999999995,,16.82,1.34,24.515,0.83,,,,,,,80.19,0.7,349.24,,0.0,,945.3,
2022-07-30,,,17.46,32.67,50.13,,,1.98,6.86,,,,,,,,,,,,0.0,,,
2022-07-31,,,17.19,32.18,49.37,,,1.96,11.33,,,,,,,,,,,,0.0,,,
2022-08-01,,,16.29,30.51,46.8,,,1.86,6.87,,,,,,,,,,,,0.0,,,
2022-08-02,,,18.33,34.3,52.64,,,2.08,11.59,,,,,,,,,,,,0.0,,,
2022-08-03,,,15.78,264.805,45.34,,,1.08,7.4,0.52,,,,,,,57.85,0.46,82.66,,0.0,219.81,939.6,
2022-08-04,124.95,207.72,45.935,47.04,44.53,,35.36,1.295,18.535,0.66,,,,,,,79.07,0.56,3.99,,0.0,35.59,939.99,
2022-08-05,238.45,61.7,65.77000000000001,207.345,48.165,,10.89,1.265,16.535,0.49,,,,,,,63.43,0.45,255.93,,0.0,184.04,937.62,
2022-08-06,178.35,121.62,28.48,176.36499999999998,46.59,,21.46,1.105,17.485,0.42,,,,,,,69.27,0.35,84.75,,0.0,148.1,937.38,
2022-08-07,166.77,83.82,23.645,186.97,42.655,,14.79,1.0699999999999998,21.7,0.35,,,,,,,70.46,0.3,274.5,,0.0,121.96,936.76,
2022-08-08,206.13,136.43,38.675,159.53,37.025,,28.67,1.165,15.280000000000001,0.4,,,,,,,76.0,0.34,208.44,,0.0,65.85,936.09,
2022-08-09,313.23,165.47,39.085,225.70499999999998,59.635,,29.2,1.1,34.685,0.26,,,,,,,80.11,0.22,187.74,,0.0,48.01,934.87,
2022-08-10,231.63,151.01,36.265,179.225,60.095,,26.65,1.095,33.2,0.31,,,,,,,76.59,0.26,192.01,,0.0,95.83,934.24,
2022-08-11,301.86,111.07,28.65,233.405,40.89,,19.6,1.04,27.625,0.25,,,,,,,74.48,0.22,245.65,,0.0,113.62,935.72,
2022-08-12,530.0,193.46,43.46,253.18,39.31,,34.14,1.01,46.18,0.22,,,,,,,70.94,0.19,254.58,,0.0,105.09,938.65,
2022-08-13,159.86,106.72,28.475,154.815,56.68,,18.8,1.165,29.74,0.205,,,,,,,71.29,0.35,215.93,,0.0,133.56,940.58,
2022-08-14,216.56,171.2,51.52,163.07,61.855,,41.59,1.1099999999999999,23.555,0.2,,,,,,,70.16,0.34,205.52,,0.0,100.17,941.99,
2022-08-15,222.41,201.46,45.839999999999996,156.17,79.985,,35.52,1.095,27.84,0.19,,,,,,,73.87,0.32,219.98,,0.0,68.68,942.03,
2022-08-16,258.37,178.2,68.085,203.32999999999998,56.334999999999994,,38.66,1.01,20.215,0.145,,,,,,,71.91,0.25,253.18,,0.0,93.78,941.58,
2022-08-17,433.53,334.89,62.05,254.54,61.185,,52.31,0.99,48.980000000000004,0.11,,,,,,,71.36,0.19,303.63,,0.0,122.4,942.86,
2022-08-18,658.48,220.9,49.755,261.265,37.59,,38.98,1.135,54.625,0.095,,,,,,,74.49,0.16,308.36,,0.0,107.53,943.22,
2022-08-19,,,18.9,35.35,54.26,,,2.14,10.87,0.0,,,,,,,,,,,0.0,,,
2022-08-20,,,18.77,35.11,53.83,,,2.13,12.55,0.0,,,,,,,,,,,0.0,,,
2022-08-21,,,18.83,35.23,54.07,,,2.13,3.0,0.0,,,,,,,,,,,0.0,,,
2022-08-22,,,15.07,28.24,43.64,,,1.72,3.55,0.0,,,,,,,,,,,0.0,,,
2022-08-23,467.68,750.05,142.15,249.885,234.48,,132.36,0.72,35.36,0.135,,,,,,,67.03,0.23,,,0.0,93.46,941.88,
2022-08-24,530.0,197.67,40.815,256.045,19.18,,34.88,0.6399999999999999,49.85,0.155,,,,,0.44,,72.76,0.19,108.95,,0.0,86.19,943.59,
2022-08-25,530.0,193.18,38.17,252.725,16.505000000000003,,34.09,0.46,47.644999999999996,0.32,,,,,0.94,,69.55,0.2,163.29,,0.0,114.1,943.53,
2022-08-26,451.79,402.35,75.685,243.51000000000002,89.57499999999999,,71.0,0.4,84.685,0.395,,,,,0.79,,61.84,0.23,209.35,,0.0,158.77,943.4,
2022-08-27,280.27,312.91,62.005,241.89000000000001,117.33,,55.22,0.6799999999999999,74.565,0.41000000000000003,,,,,1.59,,61.34,0.23,249.23,,0.0,159.7,943.64,
2022-08-28,,,12.12,261.38,34.88,,,0.8049999999999999,10.85,0.4,,,,,1.62,,58.09,0.23,261.72,,0.0,184.16,943.24,
2022-08-29,182.62,238.59,50.4,157.35000000000002,72.83500000000001,,42.1,1.0,35.24,0.575,,,,,1.02,,56.14,0.5,285.56,,0.0,156.87,944.27,
2022-08-30,113.37,181.82,40.685,217.59500000000003,81.535,,32.09,1.01,46.230000000000004,0.48,,,,,0.81,,63.69,0.35,250.11,,0.0,118.82,944.39,
2022-08-31,277.08,84.47,33.385,247.685,40.209999999999994,,30.62,1.0150000000000001,43.849999999999994,0.405,,,,,0.87,,69.1,0.25,177.75,,0.0,105.16,943.18,
2022-09-01,,,11.88,261.16,34.2,,,0.76,14.2,0.33999999999999997,,,,,0.65,,73.64,0.16,179.43,,0.0,218.6,944.73,
2022-09-02,,,12.24,23.01,35.26,,,1.42,11.2,0.48,,,,,0.5,,,,,,0.0,,,
2022-09-03,394.42,197.67,43.305,256.015,30.17,,34.88,0.96,50.305,0.43,,,,,0.5,,63.38,0.31,253.99,,0.0,126.77,943.62,
2022-09-04,249.93,175.83,38.77,220.905,48.260000000000005,,31.03,0.905,44.684999999999995,0.425,,,,,0.53,,66.74,0.32,236.05,,0.0,180.4,943.6,
2022-09-05,608.97,,185.315,157.16,41.51,,172.35,1.055,10.2,0.5700000000000001,,,,,0.63,,,0.54,,,0.0,,,
2022-09-06,151.94,104.69,26.58,216.07999999999998,47.385,,18.47,1.02,29.075,0.485,,,,,0.74,,65.06,0.4,293.47,,0.0,118.46,942.55,
2022-09-07,215.46,246.68,52.82,188.93,65.795,,43.53,1.0150000000000001,18.43,0.41000000000000003,,,,,0.57,,75.85,0.37,266.21,,0.0,84.15,942.79,
2022-09-08,,,14.59,263.675,20.97,,,0.845,10.49,0.23500000000000001,,,,,0.52,,80.78,0.39,311.5,,0.0,63.67,942.93,
2022-09-09,644.48,,195.375,233.025,39.67,,182.4,0.935,10.62,0.41500000000000004,,,,,0.43,,54.85,0.33,225.25,,0.0,263.74,942.35,
2022-09-10,,,14.67,27.51,42.18,,,1.68,11.39,0.45,,,,,0.39,,,,,,0.0,,,
2022-09-11,,,16.05,30.07,46.12,,,1.83,11.54,0.47,,,,,0.46,,,,,,0.0,,,
2022-09-12,,,16.3,30.53,46.83,,,1.87,9.78,0.46,,,,,0.47,,,,,,0.0,,,
2022-09-13,438.33,436.54,86.50500000000001,232.07999999999998,31.549999999999997,,77.03,0.935,49.845,0.42000000000000004,,,,,0.57,,78.17,0.34,10.26,,0.0,62.98,941.14,
2022-09-14,151.11,124.7,40.325,148.16000000000003,31.525,,40.77,0.91,16.485,0.44999999999999996,,,,,0.58,,75.55,0.41,163.55,,0.0,92.15,941.86,
2022-09-15,12.9,15.15,12.055,15.395,27.11,,13.31,0.745,11.765,0.42,,,,,0.48,,,,,,0.0,,,
2022-09-16,28.72,33.87,17.99,22.575,40.455,,22.35,0.9850000000000001,15.995,0.525,,,,,0.46,,61.35,0.54,145.07,,0.0,,941.08,
2022-09-17,19.74,23.59,18.355,22.745,40.864999999999995,,22.09,0.855,21.365000000000002,0.435,,,,,0.45,,49.38,0.42,15.25,,0.0,,941.28,
2022-09-18,,,10.2,19.2,29.4,,,1.21,6.52,0.43,,,,,0.43,,,,,,0.0,,,
2022-09-19,,,12.3,23.09,35.39,,,1.43,5.58,0.45,,,,,0.45,,,,,,0.0,,,
2022-09-20,69.12,77.06,18.865000000000002,33.06,41.345,,22.71,1.035,14.755,0.5,,,,,0.45,,63.95,0.44,156.97,,0.0,115.76,942.78,
2022-09-21,46.53,57.63,19.45,24.29,43.45,,22.99,0.96,14.775,0.455,,,,,0.44,,44.88,0.63,128.12,,0.0,112.04,942.39,
2022-09-22,46.61,55.18,24.11,27.560000000000002,51.48,,31.73,1.0,10.55,0.525,,,,,0.41,,65.16,1.32,34.83,,0.0,76.89,943.48,
2022-09-23,22.45,32.68,18.29,22.705,40.885,,22.75,0.865,13.95,0.43,,,,,0.39,,,0.21,,,0.0,,,
2022-09-24,40.13,48.59,17.0,20.950000000000003,36.655,,18.23,0.895,13.575,0.51,,,,,0.39,,65.19,0.5,154.32,,0.0,230.36,943.82,
2022-09-25,530.0,193.18,41.225,253.91500000000002,26.36,,34.09,0.7949999999999999,46.445,0.35,,,,,0.4,,64.24,0.23,,,0.0,96.89,944.16,
2022-09-26,530.0,194.29,41.905,259.215,34.629999999999995,,34.29,0.825,46.65,1.67,,,,,5.6,,67.14,0.2,31.37,,0.0,121.23,945.86,
2022-09-27,342.42,336.5,69.145,244.125,105.48,,59.38,0.98,46.589999999999996,4.505,,,,,15.28,,65.39,0.22,24.71,,0.0,147.84,944.78,
2022-09-28,537.95,220.9,48.25,262.275,41.085,,38.98,0.995,52.875,4.265,,,,,16.78,,66.99,0.21,1.25,,0.0,127.22,943.78,
2022-09-29,,,16.38,265.34,47.06,,,1.0350000000000001,7.37,3.875,,,,,15.17,,66.34,0.24,,,0.0,153.31,943.13,
2022-09-30,,,16.47,265.425,47.32,,,1.025,8.41,3.58,,,,,13.65,,70.96,0.2,,,0.0,138.56,944.33,
2022-10-01,,,17.31,32.41,49.73,,,1.95,7.73,7.69,,,,,14.79,,,,,,0.0,,,
2022-10-02,,,15.02,28.14,43.16,,,1.73,6.51,5.73,,,,,18.83,,,,,,0.0,,,
2022-10-03,,,15.06,28.23,43.3,,,1.73,5.03,6.45,,,,,25.29,,,,,,0.0,,,
2022-10-04,,,16.08,30.11,46.26,,,1.83,5.73,6.77,,,,,19.6,,,,,,0.0,,,
2022-10-05,,,16.9,31.65,48.56,,,1.92,6.8,7.73,,,,,16.33,,,,,,0.0,,,
2022-10-06,18.59,22.94,17.57,24.575,41.555,,15.74,1.24,14.51,7.1,,,,,15.86,,,0.18,,,0.0,,,
2022-10-07,,,16.77,31.41,48.18,,,1.9,10.06,4.64,,,,,13.06,,,,,,0.0,,,
2022-10-08,530.0,193.18,43.815,261.695,40.58,,34.09,1.07,56.155,2.395,,,,,20.15,,65.61,0.21,,,0.0,145.25,944.38,
2022-10-09,530.0,192.64,50.160000000000004,272.42,58.93,,34.0,1.84,50.705,3.5149999999999997,,,,,20.74,,61.54,0.26,207.59,,0.0,204.04,945.27,
2022-10-10,531.74,197.67,40.42,254.29999999999998,28.915,,34.88,0.615,48.695,4.365,,,,,17.26,,68.33,0.23,267.17,,0.0,154.55,946.16,
2022-10-11,,,10.03,18.89,28.93,,,1.19,14.28,6.21,,,,,11.43,,,,,,0.0,,,
2022-10-12,,,7.3,13.82,21.12,,,0.9,8.19,4.92,,,,,11.3,,,,,,0.0,,,
2022-10-13,,,9.47,17.84,27.3,,,1.14,8.23,5.51,,,,,10.56,,,,,,0.0,,,
2022-10-14,,,8.92,16.82,25.74,,,1.07,9.38,4.09,,,,,6.54,,,,,,0.0,,,
2022-10-15,,,8.83,16.66,25.5,,,1.06,10.81,3.79,,,,,6.11,,,,,,0.0,,,
2022-10-16,,,7.45,14.14,21.53,,,0.9,13.37,3.35,,,,,4.87,,,,,,0.0,,,
2022-10-17,28.35,45.46,12.669999999999998,14.945,27.595,,8.02,0.53,15.2,11.97,,,,,8.08,,68.29,17.92,,,0.0,20.68,946.95,
2022-10-18,19.88,31.89,11.754999999999999,15.82,27.575,,5.63,1.575,12.55,6.26,,,,,10.92,,76.2,5.47,8.56,,0.0,54.95,947.53,
2022-10-19,29.04,46.58,14.11,17.455000000000002,31.545,,8.22,0.675,15.629999999999999,2.95,,,,,11.68,,66.01,0.02,,,0.0,99.08,946.66,
2022-10-20,28.0,44.91,14.405,18.275,32.675,,7.93,0.735,16.845,3.535,,,,,12.02,,71.44,0.02,21.9,,0.0,73.04,947.25,
2022-10-21,29.14,46.74,14.145,17.439999999999998,31.575,,8.25,0.665,17.424999999999997,2.9050000000000002,,,,,8.97,,80.94,0.02,,,0.0,18.3,948.42,
2022-10-22,113.32,140.14,29.36,73.0,47.03,,24.73,0.505,38.644999999999996,11.005,,,,,4.48,,55.72,16.04,,,0.0,171.76,950.2,
2022-10-23,72.96,117.01,24.55,23.305,47.85,,20.65,0.41000000000000003,32.465,15.15,,,,,6.56,,,20.74,,,0.0,,,
2022-10-24,111.17,178.29,36.42,33.6,70.015,,31.46,0.485,36.9,5.585,,,,,10.32,,,2.07,,,0.0,,,
2022-10-25,44.57,71.48,16.939999999999998,17.85,34.79,,12.65,0.6499999999999999,23.685,3.905,,,,,8.94,,,0.43,,,0.0,,,
2022-10-26,55.42,88.88,19.86,19.975,39.835,,15.69,0.56,27.84,3.3049999999999997,,,,,7.08,,,0.26,,,0.0,,,
2022-10-27,40.2,64.47,15.965,17.425,33.394999999999996,,11.38,0.515,23.8,4.2,,,,,9.26,,,0.02,,,0.0,,,
2022-10-28,68.66,110.12,25.065,25.295,50.36,,19.69,0.5700000000000001,34.120000000000005,4.84,,,,,11.83,,,0.02,,,0.0,,,
2022-10-29,46.42,74.45,16.54,16.585,33.125,,13.14,0.38,27.065,3.0749999999999997,,,,,7.32,,,0.02,,,0.0,,,
2022-10-30,,,11.02,20.71,31.73,,,1.28,10.71,14.64,,,,,15.89,,,,,,0.0,,,
2022-10-31,,,7.26,13.74,21.0,,,0.89,21.98,5.3,,,,,6.47,,,,,,0.0,,,
2022-11-01,,,8.59,16.21,24.8,,,1.03,23.19,7.86,,,,,8.53,,,,,,0.0,,,
2022-11-02,,,11.09,20.86,31.96,,,1.31,24.52,8.46,,,,,8.53,,,,,,0.0,,,
2022-11-03,64.09,102.79,22.585,22.375,44.96,,18.14,0.47000000000000003,33.755,3.1599999999999997,,,,,7.04,,,0.02,,,0.0,,,
2022-11-04,70.85,113.63,24.31,23.5,47.81,,20.05,0.445,36.695,3.505,,,,,6.9,,,0.02,,,0.0,,,
2022-11-05,86.76,136.74,29.8,28.805,58.61,,24.55,0.54,37.629999999999995,4.71,,,,,9.58,,,0.02,,,0.0,,,
2022-11-06,32.28,51.78,18.31,24.125,42.385,,9.14,1.01,21.78,10.125,,,,,23.05,,,0.02,,,0.0,,,
2022-11-07,,,22.58,42.19,64.77,,,1.91,18.61,19.45,,,,,24.7,,,,,,0.0,,,
2022-11-08,20.0,32.08,18.075,27.544999999999998,45.62,,5.66,1.18,17.759999999999998,7.22,,,,,17.73,,,1.01,,,0.0,,,
2022-11-09,13.6,21.74,13.455,20.939999999999998,34.394999999999996,,3.86,1.055,15.24,4.845,,,,,10.59,,,1.05,,,0.0,,,
2022-11-10,12.4,19.99,13.245000000000001,20.904999999999998,34.16,,3.52,1.06,15.22,6.13,,,,,14.14,,,1.05,,,0.0,,,
2022-11-11,15.89,25.48,16.43,25.76,42.19,,4.5,1.175,23.36,4.515,,,,,4.83,,,1.05,,,0.0,,,
2022-11-12,,,28.69,53.53,82.22,,,1.78,44.76,6.29,,,,,5.61,,,,,,0.0,,,
2022-11-13,,,18.75,35.07,53.82,,,1.25,33.8,10.99,,,,,2.57,,,,,,0.0,,,
2022-11-14,,,19.83,37.08,56.91,,,1.29,47.44,8.52,,,,,0.63,,,,,,0.0,,,
2022-11-15,,,27.51,51.35,78.86,,,1.71,46.56,9.02,,,,,0.63,,,,,,0.0,,,
2022-11-16,,,31.34,58.46,89.8,,,1.91,45.13,13.73,,,,,0.66,,,,,,0.0,,,
2022-11-17,,,24.72,46.16,70.88,,,1.55,39.98,11.43,,,,,0.64,,,,,,0.0,,,
2022-11-18,12.01,268.29,13.370000000000001,21.265,34.1,,3.4,1.01,26.509999999999998,4.34,,,,,0.77,,27.99,1.05,10.12,,0.0,82.41,946.47,
2022-11-19,15.04,352.78,15.685,24.64,40.32,,4.26,1.14,29.44,5.4350000000000005,,,,,0.66,,42.86,1.05,,,0.0,102.79,947.53,
2022-11-20,15.35,364.99,13.205,19.675,33.08,,4.35,1.0,29.015,4.05,,,,,0.63,,49.37,1.05,,,0.0,200.78,947.59,
2022-11-21,21.57,88.04,14.695,20.615000000000002,35.22,,6.1,0.9850000000000001,33.2,3.865,,,,,0.65,,53.76,1.05,,,0.0,220.54,947.57,
2022-11-22,18.36,29.44,21.865000000000002,35.095,56.97,,5.2,1.425,30.995,7.915,,,,,0.77,,49.92,1.05,,,0.0,195.6,947.4,
2022-11-23,15.73,25.23,21.9,36.025,57.86,,4.45,1.4649999999999999,25.415,7.575,,,,,0.67,,53.13,1.05,29.54,,0.0,184.46,947.8,
2022-11-24,15.74,25.24,24.515,40.815,65.325,,4.46,1.615,23.7,9.495,,,,,0.69,,55.15,1.05,,,0.0,179.06,947.5,
2022-11-25,17.47,28.02,20.415,32.665,53.08,,4.95,1.36,23.89,5.0600000000000005,,,,,0.63,,61.98,1.05,,,0.0,154.87,948.08,
2022-11-26,,,29.75,55.51,85.27,,,1.82,44.41,8.88,,,,,10.26,,,,,,0.0,,,
2022-11-27,,,34.93,65.14,100.07,,,2.11,26.95,12.39,,,,,19.92,,,,,,0.0,,,
2022-11-28,,,,,,,,,,,,,,,,,,,,,0.0,,,
2022-11-29,,,,,,,,,,,,,,,,,,,,,0.0,,,
2022-11-30,,,22.44,41.93,64.37,,,1.43,48.37,5.9,,,,,0.63,,,,,,0.0,,,
2022-12-01,,,22.41,41.87,64.27,,,1.43,36.98,7.6,,,,,0.64,,,,,,0.0,,,
2022-12-02,,,38.73,72.18,110.91,,,2.3,36.43,15.52,,,,,8.79,,,,,,0.0,,,
2022-12-03,,,39.63,73.85,113.47,,,2.35,38.87,14.41,,,,,19.28,,,,,,0.0,,,
2022-12-04,,,45.18,83.75,128.71,,,2.65,34.91,16.91,,,,,23.85,,,,,,0.0,,,
2022-12-05,,,34.48,64.33,98.84,,,2.08,35.7,10.49,,,,,7.49,,,,,,0.0,,,
2022-12-06,75.24,120.67,36.225,44.335,80.58500000000001,,21.29,1.525,45.175,5.63,,,,,1.04,,46.79,1.86,,,0.0,103.94,947.87,
2022-12-07,77.06,123.58,40.18,51.075,91.255,,21.81,1.345,45.345,7.155,,,,,17.82,,54.15,0.7,,,0.0,161.48,948.17,
2022-12-08,79.23,127.06,36.475,43.515,79.99000000000001,,22.43,1.1,46.075,3.67,,,,,7.21,,57.46,0.66,,,0.0,117.67,948.15,
2022-12-09,81.67,130.98,33.82,37.84,71.66499999999999,,23.11,0.88,44.605000000000004,3.595,,,,,6.97,,55.33,0.56,,,0.0,210.91,947.77,
2022-12-10,,,21.28,39.77,61.04,,,1.38,31.55,7.16,,,,,8.92,,,,,,0.0,,,
2022-12-11,,,21.84,40.81,62.65,,,1.41,28.13,8.17,,,,,7.59,,,,,,0.0,,,
2022-12-12,,,,,,,,,,,,,,,,,,,,,0.0,,,
2022-12-13,,,,,,,,,,,,,,,,,,,,,0.0,,,
2022-12-14,,,27.82,51.92,79.74,,,1.71,27.64,5.98,,,,,3.83,,,,,,0.0,,,
2022-12-15,,,27.62,51.55,79.18,,,1.71,35.63,4.75,,,,,5.51,,,,,,0.0,,,
2022-12-16,,,36.2,67.48,103.68,,,2.17,35.01,8.79,,,,,13.32,,,,,,0.0,,,
2022-12-17,,,39.07,72.6,111.55,,,2.3,37.54,9.9,,,,,15.81,,,,,,0.0,,,
2022-12-18,,,30.34,56.59,86.93,,,1.86,39.13,4.74,,,,,7.29,,,,,,0.0,,,
2022-12-19,,,15.51,29.07,44.58,,,1.06,38.93,4.6,,,,,5.21,,,,,,0.0,,,
2022-12-20,,,16.14,30.23,46.37,,,1.09,38.31,6.62,,,,,7.0,,,,,,0.0,,,
2022-12-21,,,29.42,54.89,84.32,,,1.81,38.12,9.63,,,,,10.56,,,,,,0.0,,,
2022-12-22,,,38.13,71.08,109.21,,,2.27,38.27,14.38,,,,,18.07,,,,,,0.0,,,
2022-12-23,,,36.54,68.12,104.67,,,2.18,38.99,13.46,,,,,16.57,,,,,,0.0,,,
2022-12-24,,,32.52,60.65,93.18,,,1.98,38.6,14.42,,,,,12.6,,,,,,0.0,,,
2022-12-25,,,30.34,56.61,86.95,,,1.85,36.53,11.25,,,,,12.62,,,,,,0.0,,,
2022-12-26,,,33.34,62.16,95.48,,,2.0,38.53,11.35,,,,,11.52,,,,,,0.0,,,
2022-12-27,,,38.52,71.8,110.32,,,2.31,40.53,14.09,,,,,15.99,,,,,,0.0,,,
2022-12-28,,,43.21,80.5,123.72,,,2.55,32.31,18.7,,,,,19.28,,,,,,0.0,,,
2022-12-29,,,,,,,,,,,,,,,,,,,,,0.0,,,
2022-12-30,,,,,,,,,,,,,,,,,,,,,0.0,,,
2022-12-31,,,,,,,,,,,,,,,,,,,,,0.0,,,
